[2026-08-28 12:30:44] INFO: 🤖 Bot de Wallet iniciado correctamente
[2026-08-28 12:30:44] INFO: 🚀 Bot iniciado. Esperando mensajes...
[2026-08-28 12:30:44] INFO: 📱 Bot: @8531840485
[2026-08-28 12:31:22] ERROR: Error en handleList: Wallet API respondió 404 {"stack":"Error: Wallet API respondió 404\n    at WalletAPI.request (C:\\Users\\zevet\\OneDrive\\Desktop\\Web\\BalanceSheet\\telegram-wallet-bot\\wallet-api.js:38:19)\n    at process.processTicksAndRejections (node:internal/process/task_queues:105:5)\n    at async WalletAPI.getRecentTransactions (C:\\Users\\zevet\\OneDrive\\Desktop\\Web\\BalanceSheet\\telegram-wallet-bot\\wallet-api.js:145:24)\n    at async WalletBot.handleList (C:\\Users\\zevet\\OneDrive\\Desktop\\Web\\BalanceSheet\\telegram-wallet-bot\\bot.js:230:34)"}
[2026-08-28 12:31:49] ERROR: Error en handleSummary: Wallet API respondió 404 {"stack":"Error: Wallet API respondió 404\n    at WalletAPI.request (C:\\Users\\zevet\\OneDrive\\Desktop\\Web\\BalanceSheet\\telegram-wallet-bot\\wallet-api.js:38:19)\n    at process.processTicksAndRejections (node:internal/process/task_queues:105:5)\n    at async WalletAPI.getMonthlySummary (C:\\Users\\zevet\\OneDrive\\Desktop\\Web\\BalanceSheet\\telegram-wallet-bot\\wallet-api.js:153:30)\n    at async WalletBot.handleSummary (C:\\Users\\zevet\\OneDrive\\Desktop\\Web\\BalanceSheet\\telegram-wallet-bot\\bot.js:272:29)"}
[2026-08-28 12:34:32] INFO: 🤖 Bot de Wallet iniciado correctamente
[2026-08-28 12:34:32] INFO: 🚀 Bot iniciado. Esperando mensajes...
[2026-08-28 12:34:32] INFO: 📱 Bot: @8531840485
[2026-08-28 12:34:42] INFO: 🤖 Bot de Wallet iniciado correctamente
[2026-08-28 12:34:42] INFO: 🚀 Bot iniciado. Esperando mensajes...
[2026-08-28 12:34:42] INFO: 📱 Bot: @8531840485
[2026-08-28 12:37:21] INFO: 🤖 Bot de Wallet iniciado correctamente
[2026-08-28 12:37:21] INFO: 🚀 Bot iniciado. Esperando mensajes...
[2026-08-28 12:37:21] INFO: 📱 Bot: @8531840485
[2026-08-28 12:37:24] ERROR: Error en handleList: Wallet API respondió 404 {"stack":"Error: Wallet API respondió 404\n    at WalletAPI.request (C:\\Users\\zevet\\OneDrive\\Desktop\\Web\\BalanceSheet\\telegram-wallet-bot\\wallet-api.js:38:19)\n    at process.processTicksAndRejections (node:internal/process/task_queues:105:5)\n    at async WalletAPI.getRecentTransactions (C:\\Users\\zevet\\OneDrive\\Desktop\\Web\\BalanceSheet\\telegram-wallet-bot\\wallet-api.js:145:24)\n    at async WalletBot.handleList (C:\\Users\\zevet\\OneDrive\\Desktop\\Web\\BalanceSheet\\telegram-wallet-bot\\bot.js:230:34)"}
[2026-08-28 13:20:39] INFO: 🤖 Bot de Wallet iniciado correctamente
[2026-08-28 13:20:39] INFO: 🚀 Bot iniciado. Esperando mensajes...
[2026-08-28 13:20:39] INFO: 📱 Bot: @8531840485
[2026-08-28 13:20:55] ERROR: Error en handleList: Wallet API (404): {"message":"no Route matched with those values"} {"stack":"Error: Wallet API (404): {\"message\":\"no Route matched with those values\"}\n    at WalletAPI.request (C:\\Users\\zevet\\OneDrive\\Desktop\\Web\\BalanceSheet\\telegram-wallet-bot\\wallet-api.js:46:23)\n    at process.processTicksAndRejections (node:internal/process/task_queues:105:5)\n    at async WalletAPI.getTransactions (C:\\Users\\zevet\\OneDrive\\Desktop\\Web\\BalanceSheet\\telegram-wallet-bot\\wallet-api.js:70:22)\n    at async WalletAPI.getRecentTransactions (C:\\Users\\zevet\\OneDrive\\Desktop\\Web\\BalanceSheet\\telegram-wallet-bot\\wallet-api.js:92:30)\n    at async WalletBot.handleList (C:\\Users\\zevet\\OneDrive\\Desktop\\Web\\BalanceSheet\\telegram-wallet-bot\\bot.js:230:34)"}
[2026-08-28 13:21:10] ERROR: Error en handleSummary: Wallet API (404): {"message":"no Route matched with those values"} {"stack":"Error: Wallet API (404): {\"message\":\"no Route matched with those values\"}\n    at WalletAPI.request (C:\\Users\\zevet\\OneDrive\\Desktop\\Web\\BalanceSheet\\telegram-wallet-bot\\wallet-api.js:46:23)\n    at process.processTicksAndRejections (node:internal/process/task_queues:105:5)\n    at async WalletAPI.getTransactions (C:\\Users\\zevet\\OneDrive\\Desktop\\Web\\BalanceSheet\\telegram-wallet-bot\\wallet-api.js:70:22)\n    at async WalletAPI.getMonthlySummary (C:\\Users\\zevet\\OneDrive\\Desktop\\Web\\BalanceSheet\\telegram-wallet-bot\\wallet-api.js:100:30)\n    at async WalletBot.handleSummary (C:\\Users\\zevet\\OneDrive\\Desktop\\Web\\BalanceSheet\\telegram-wallet-bot\\bot.js:272:29)"}
[2026-08-28 13:25:46] INFO: 🤖 Bot de Wallet iniciado correctamente
[2026-08-28 13:25:46] INFO: 🚀 Bot iniciado. Esperando mensajes...
[2026-08-28 13:25:46] INFO: 📱 Bot: @8531840485
[2026-08-28 13:26:02] INFO: 🤖 Bot de Wallet iniciado correctamente
[2026-08-28 13:26:02] INFO: 🚀 Bot iniciado. Esperando mensajes...
[2026-08-28 13:26:02] INFO: 📱 Bot: @8531840485
[2026-08-28 13:26:08] ERROR: Error en handleList: Wallet API: Recurso no encontrado (404). Verifica el endpoint: /transactions?limit=10&sort=-date {"stack":"Error: Wallet API: Recurso no encontrado (404). Verifica el endpoint: /transactions?limit=10&sort=-date\n    at WalletAPI.requestDirect (C:\\Users\\zevet\\OneDrive\\Desktop\\Web\\BalanceSheet\\telegram-wallet-bot\\wallet-api.js:72:27)\n    at process.processTicksAndRejections (node:internal/process/task_queues:105:5)\n    at async WalletAPI.getTransactions (C:\\Users\\zevet\\OneDrive\\Desktop\\Web\\BalanceSheet\\telegram-wallet-bot\\wallet-api.js:170:22)\n    at async WalletBot.handleList (C:\\Users\\zevet\\OneDrive\\Desktop\\Web\\BalanceSheet\\telegram-wallet-bot\\bot.js:230:34)"}
[2026-08-28 13:26:18] ERROR: Error en handleSummary: Wallet API: Recurso no encontrado (404). Verifica el endpoint: /transactions?dateFrom=2026-08-01&dateTo=2026-08-31&limit=1000 {"stack":"Error: Wallet API: Recurso no encontrado (404). Verifica el endpoint: /transactions?dateFrom=2026-08-01&dateTo=2026-08-31&limit=1000\n    at WalletAPI.requestDirect (C:\\Users\\zevet\\OneDrive\\Desktop\\Web\\BalanceSheet\\telegram-wallet-bot\\wallet-api.js:72:27)\n    at process.processTicksAndRejections (node:internal/process/task_queues:105:5)\n    at async WalletAPI.getTransactions (C:\\Users\\zevet\\OneDrive\\Desktop\\Web\\BalanceSheet\\telegram-wallet-bot\\wallet-api.js:170:22)\n    at async WalletAPI.getMonthlySummary (C:\\Users\\zevet\\OneDrive\\Desktop\\Web\\BalanceSheet\\telegram-wallet-bot\\wallet-api.js:315:30)\n    at async WalletBot.handleSummary (C:\\Users\\zevet\\OneDrive\\Desktop\\Web\\BalanceSheet\\telegram-wallet-bot\\bot.js:272:29)"}
[2026-08-28 13:26:26] ERROR: Error en handleCategories: Wallet API: Recurso no encontrado (404). Verifica el endpoint: /categories {"stack":"Error: Wallet API: Recurso no encontrado (404). Verifica el endpoint: /categories\n    at WalletAPI.requestDirect (C:\\Users\\zevet\\OneDrive\\Desktop\\Web\\BalanceSheet\\telegram-wallet-bot\\wallet-api.js:72:27)\n    at process.processTicksAndRejections (node:internal/process/task_queues:105:5)\n    at async WalletAPI.getCategories (C:\\Users\\zevet\\OneDrive\\Desktop\\Web\\BalanceSheet\\telegram-wallet-bot\\wallet-api.js:135:22)\n    at async WalletBot.handleCategories (C:\\Users\\zevet\\OneDrive\\Desktop\\Web\\BalanceSheet\\telegram-wallet-bot\\bot.js:328:32)"}
[2026-08-28 13:27:39] INFO: 👋 Deteniendo bot...
[2026-08-28 13:30:08] INFO: 🤖 Bot de Wallet iniciado correctamente
[2026-08-28 13:30:08] INFO: 🚀 Bot iniciado. Esperando mensajes...
[2026-08-28 13:30:08] INFO: 📱 Bot: @8531840485
[2026-08-28 13:30:19] ERROR: Error en handleList: Proxy: Wallet API respondió 404 {"stack":"Error: Proxy: Wallet API respondió 404\n    at WalletAPI.requestViaProxy (C:\\Users\\zevet\\OneDrive\\Desktop\\Web\\BalanceSheet\\telegram-wallet-bot\\wallet-api.js:52:19)\n    at process.processTicksAndRejections (node:internal/process/task_queues:105:5)\n    at async WalletAPI.getTransactions (C:\\Users\\zevet\\OneDrive\\Desktop\\Web\\BalanceSheet\\telegram-wallet-bot\\wallet-api.js:157:22)\n    at async WalletBot.handleList (C:\\Users\\zevet\\OneDrive\\Desktop\\Web\\BalanceSheet\\telegram-wallet-bot\\bot.js:230:34)"}
[2026-08-28 13:32:13] ERROR: Error en handleAccounts: balance.toFixed is not a function {"stack":"TypeError: balance.toFixed is not a function\n    at C:\\Users\\zevet\\OneDrive\\Desktop\\Web\\BalanceSheet\\telegram-wallet-bot\\bot.js:310:52\n    at Array.forEach (<anonymous>)\n    at WalletBot.handleAccounts (C:\\Users\\zevet\\OneDrive\\Desktop\\Web\\BalanceSheet\\telegram-wallet-bot\\bot.js:307:22)"}
[2026-08-28 13:38:56] INFO: 🤖 Bot de Wallet iniciado correctamente
[2026-08-28 13:38:56] INFO: 🚀 Bot iniciado. Esperando mensajes...
[2026-08-28 13:38:56] INFO: 📱 Bot: @8531840485
[2026-08-28 13:39:32] INFO: 🤖 Bot de Wallet iniciado correctamente
[2026-08-28 13:39:32] INFO: 🚀 Bot iniciado. Esperando mensajes...
[2026-08-28 13:39:32] INFO: 📱 Bot: @8531840485
[2026-08-28 13:39:42] ERROR: Error en handleAccounts: balance.toFixed is not a function {"stack":"TypeError: balance.toFixed is not a function\n    at C:\\Users\\zevet\\OneDrive\\Desktop\\Web\\BalanceSheet\\telegram-wallet-bot\\bot.js:310:52\n    at Array.forEach (<anonymous>)\n    at WalletBot.handleAccounts (C:\\Users\\zevet\\OneDrive\\Desktop\\Web\\BalanceSheet\\telegram-wallet-bot\\bot.js:307:22)\n    at process.processTicksAndRejections (node:internal/process/task_queues:105:5)"}
[2026-08-28 13:39:59] ERROR: Error en handleList: amount.toFixed is not a function {"stack":"TypeError: amount.toFixed is not a function\n    at C:\\Users\\zevet\\OneDrive\\Desktop\\Web\\BalanceSheet\\telegram-wallet-bot\\bot.js:249:47\n    at Array.forEach (<anonymous>)\n    at WalletBot.handleList (C:\\Users\\zevet\\OneDrive\\Desktop\\Web\\BalanceSheet\\telegram-wallet-bot\\bot.js:241:39)\n    at process.processTicksAndRejections (node:internal/process/task_queues:105:5)"}
[2026-08-28 13:40:12] ERROR: Error en handleAccounts: balance.toFixed is not a function {"stack":"TypeError: balance.toFixed is not a function\n    at C:\\Users\\zevet\\OneDrive\\Desktop\\Web\\BalanceSheet\\telegram-wallet-bot\\bot.js:310:52\n    at Array.forEach (<anonymous>)\n    at WalletBot.handleAccounts (C:\\Users\\zevet\\OneDrive\\Desktop\\Web\\BalanceSheet\\telegram-wallet-bot\\bot.js:307:22)\n    at process.processTicksAndRejections (node:internal/process/task_queues:105:5)"}
[2026-08-28 13:43:43] INFO: 🤖 Bot de Wallet iniciado correctamente
[2026-08-28 13:43:43] INFO: 🚀 Bot iniciado. Esperando mensajes...
[2026-08-28 13:43:43] INFO: 📱 Bot: @8531840485
[2026-08-28 13:50:42] INFO: 🤖 Bot de Wallet iniciado correctamente
[2026-08-28 13:50:42] INFO: 🚀 Bot iniciado. Esperando mensajes...
[2026-08-28 13:50:42] INFO: 📱 Bot: @8531840485
[2026-08-28 13:51:29] ERROR: Error en handleSummary: Proxy: Wallet API respondió 400 {"stack":"Error: Proxy: Wallet API respondió 400\n    at WalletAPI.requestViaProxy (C:\\Users\\zevet\\OneDrive\\Desktop\\Web\\BalanceSheet\\telegram-wallet-bot\\wallet-api.js:53:19)\n    at process.processTicksAndRejections (node:internal/process/task_queues:105:5)\n    at async WalletAPI.getTransactions (C:\\Users\\zevet\\OneDrive\\Desktop\\Web\\BalanceSheet\\telegram-wallet-bot\\wallet-api.js:182:22)\n    at async WalletAPI.getMonthlySummary (C:\\Users\\zevet\\OneDrive\\Desktop\\Web\\BalanceSheet\\telegram-wallet-bot\\wallet-api.js:293:30)\n    at async WalletBot.handleSummary (C:\\Users\\zevet\\OneDrive\\Desktop\\Web\\BalanceSheet\\telegram-wallet-bot\\bot.js:248:29)"}
[2026-08-28 14:00:38] INFO: 🤖 Bot de Wallet iniciado correctamente
[2026-08-28 14:00:38] INFO: 🚀 Bot iniciado. Esperando mensajes...
[2026-08-28 14:00:38] INFO: 📱 Bot: @8531840485
[2026-08-28 14:03:19] INFO: 🤖 Bot de Wallet iniciado correctamente
[2026-08-28 14:03:19] INFO: 🚀 Bot iniciado. Esperando mensajes...
[2026-08-28 14:03:19] INFO: 📱 Bot: @8531840485
[2026-08-28 14:05:47] INFO: 🤖 Bot de Wallet iniciado correctamente
[2026-08-28 14:05:47] INFO: 🚀 Bot iniciado. Esperando mensajes...
[2026-08-28 14:05:47] INFO: 📱 Bot: @8531840485
[2026-08-28 14:08:52] INFO: 🤖 Bot de Wallet iniciado correctamente
[2026-08-28 14:08:52] INFO: 🚀 Bot iniciado. Esperando mensajes...
[2026-08-28 14:08:52] INFO: 📱 Bot: @8531840485
[2026-08-28 14:10:51] INFO: 🤖 Bot de Wallet iniciado correctamente
[2026-08-28 14:10:51] INFO: 🚀 Bot iniciado. Esperando mensajes...
[2026-08-28 14:10:51] INFO: 📱 Bot: @8531840485
[2026-08-28 14:11:29] INFO: 🤖 Bot de Wallet iniciado correctamente
[2026-08-28 14:11:29] INFO: 🚀 Bot iniciado. Esperando mensajes...
[2026-08-28 14:11:29] INFO: 📱 Bot: @8531840485
[2026-08-28 14:12:02] INFO: 🤖 Bot de Wallet iniciado correctamente
[2026-08-28 14:12:02] INFO: 🚀 Bot iniciado. Esperando mensajes...
[2026-08-28 14:12:02] INFO: 📱 Bot: @8531840485
[2026-08-28 14:16:50] INFO: 🤖 Bot de Wallet iniciado correctamente
[2026-08-28 14:16:50] INFO: 🚀 Bot iniciado. Esperando mensajes...
[2026-08-28 14:16:50] INFO: 📱 Bot: @8531840485
[2026-08-28 14:18:58] INFO: 🤖 Bot de Wallet iniciado correctamente
[2026-08-28 14:18:58] INFO: 🚀 Bot iniciado. Esperando mensajes...
[2026-08-28 14:18:58] INFO: 📱 Bot: @8531840485
[2026-08-28 14:23:54] INFO: 🤖 Bot de Wallet iniciado correctamente
[2026-08-28 14:23:54] INFO: 🚀 Bot iniciado. Esperando mensajes...
[2026-08-28 14:23:54] INFO: 📱 Bot: @8531840485
[2026-08-28 14:40:49] INFO: 🤖 Bot de Wallet iniciado correctamente
[2026-08-28 14:40:49] INFO: 🚀 Bot iniciado. Esperando mensajes...
[2026-08-28 14:40:49] INFO: 📱 Bot: @8531840485
[2026-08-28 14:44:32] INFO: 🤖 Bot de Wallet iniciado correctamente
[2026-08-28 14:44:32] INFO: 🚀 Bot iniciado. Esperando mensajes...
[2026-08-28 14:44:32] INFO: 📱 Bot: @8531840485
[2026-08-28 14:45:56] INFO: 🤖 Bot de Wallet iniciado correctamente
[2026-08-28 14:45:56] INFO: 🚀 Bot iniciado. Esperando mensajes...
[2026-08-28 14:45:56] INFO: 📱 Bot: @8531840485
[2026-08-28 14:48:24] INFO: 🤖 Bot de Wallet iniciado correctamente
[2026-08-28 14:48:24] INFO: 🚀 Bot iniciado. Esperando mensajes...
[2026-08-28 14:48:24] INFO: 📱 Bot: @8531840485
[2026-08-28 14:48:51] INFO: 🤖 Bot de Wallet iniciado correctamente
[2026-08-28 14:48:51] INFO: 🚀 Bot iniciado. Esperando mensajes...
[2026-08-28 14:48:51] INFO: 📱 Bot: @8531840485
[2026-08-28 14:50:11] INFO: 🤖 Bot de Wallet iniciado correctamente
[2026-08-28 14:50:11] INFO: 🚀 Bot iniciado. Esperando mensajes...
[2026-08-28 14:50:11] INFO: 📱 Bot: @8531840485
[2026-08-28 14:50:15] INFO: 🤖 Bot de Wallet iniciado correctamente
[2026-08-28 14:50:15] INFO: 🚀 Bot iniciado. Esperando mensajes...
[2026-08-28 14:50:15] INFO: 📱 Bot: @8531840485
[2026-08-28 14:52:35] INFO: 🤖 Bot de Wallet iniciado correctamente
[2026-08-28 14:52:35] INFO: 🚀 Bot iniciado. Esperando mensajes...
[2026-08-28 14:52:35] INFO: 📱 Bot: @8531840485
[2026-08-28 14:59:43] INFO: 🤖 Bot de Wallet iniciado correctamente
[2026-08-28 14:59:43] INFO: 🚀 Bot iniciado. Esperando mensajes...
[2026-08-28 14:59:43] INFO: 📱 Bot: @8531840485
[2026-08-29 08:35:03] ERROR: Error en handleAdd: Proxy (404): "<!DOCTYPE html><html lang=\"es\"><head><script nonce=\"fUVpu3q4qiEanKe7jt60Dw\">window['ppConfig'] = {productName: '26981ed0d57bbad37e728ff58134270c', deleteIsEnforced:  false , sealIsEnforced:  false , heartbeatRate:  0.5 , periodicReportingRateMillis:  60000.0 , disableAllReporting:  false };(function(){'use strict';function k(a){var b=0;return function(){return b<a.length?{done:!1,value:a[b++]}:{done:!0}}}function l(a){var b=typeof Symbol!=\"undefined\"&&Symbol.iterator&&a[Symbol.iterator];if(b)return b.call(a);if(typeof a.length==\"number\")return{next:k(a)};throw Error(String(a)+\" is not an iterable or ArrayLike\");}var m=typeof Object.defineProperties==\"function\"?Object.defineProperty:function(a,b,c){if(a==Array.prototype||a==Object.prototype)return a;a[b]=c.value;return a};\nfunction n(a){a=[\"object\"==typeof globalThis&&globalThis,a,\"object\"==typeof window&&window,\"object\"==typeof self&&self,\"object\"==typeof global&&global];for(var b=0;b<a.length;++b){var c=a[b];if(c&&c.Math==Math)return c}throw Error(\"Cannot find global object\");}var p=n(this);function q(a,b){if(b)a:{var c=p;a=a.split(\".\");for(var d=0;d<a.length-1;d++){var e=a[d];if(!(e in c))break a;c=c[e]}a=a[a.length-1];d=c[a];b=b(d);b!=d&&b!=null&&m(c,a,{configurable:!0,writable:!0,value:b})}}\nq(\"Object.is\",function(a){return a?a:function(b,c){return b===c?b!==0||1/b===1/c:b!==b&&c!==c}});q(\"Array.prototype.includes\",function(a){return a?a:function(b,c){var d=this;d instanceof String&&(d=String(d));var e=d.length;c=c||0;for(c<0&&(c=Math.max(c+e,0));c<e;c++){var f=d[c];if(f===b||Object.is(f,b))return!0}return!1}});\nq(\"String.prototype.includes\",function(a){return a?a:function(b,c){if(this==null)throw new TypeError(\"The 'this' value for String.prototype.includes must not be null or undefined\");if(b instanceof RegExp)throw new TypeError(\"First argument to String.prototype.includes must not be a regular expression\");return this.indexOf(b,c||0)!==-1}});function r(a,b,c){a(\"https://csp.withgoogle.com/csp/proto/\"+encodeURIComponent(b),JSON.stringify(c))}function t(){var a;if((a=window.ppConfig)==null?0:a.disableAllReporting)return function(){};var b,c,d,e;return(e=(b=window)==null?void 0:(c=b.navigator)==null?void 0:(d=c.sendBeacon)==null?void 0:d.bind(navigator))!=null?e:u}function u(a,b){var c=new XMLHttpRequest;c.open(\"POST\",a);c.send(b)}\nfunction v(){var a=(w=Object.prototype)==null?void 0:w.__lookupGetter__(\"__proto__\"),b=x,c=y;return function(){var d=a.call(this),e,f,g,h;r(c,b,{type:\"ACCESS_GET\",origin:(f=window.location.origin)!=null?f:\"unknown\",report:{className:(g=d==null?void 0:(e=d.constructor)==null?void 0:e.name)!=null?g:\"unknown\",stackTrace:(h=Error().stack)!=null?h:\"unknown\"}});return d}}\nfunction z(){var a=(A=Object.prototype)==null?void 0:A.__lookupSetter__(\"__proto__\"),b=x,c=y;return function(d){d=a.call(this,d);var e,f,g,h;r(c,b,{type:\"ACCESS_SET\",origin:(f=window.location.origin)!=null?f:\"unknown\",report:{className:(g=d==null?void 0:(e=d.constructor)==null?void 0:e.name)!=null?g:\"unknown\",stackTrace:(h=Error().stack)!=null?h:\"unknown\"}});return d}}function B(a,b){C(a.productName,b);setInterval(function(){C(a.productName,b)},a.periodicReportingRateMillis)}\nvar D=\"constructor __defineGetter__ __defineSetter__ hasOwnProperty __lookupGetter__ __lookupSetter__ isPrototypeOf propertyIsEnumerable toString valueOf __proto__ toLocaleString x_ngfn_x\".split(\" \"),E=D.concat,F=navigator.userAgent.match(/Firefox\\/([0-9]+)\\./),G=(!F||F.length<2?0:Number(F[1])<75)?[\"toSource\"]:[],H;if(G instanceof Array)H=G;else{for(var I=l(G),J,K=[];!(J=I.next()).done;)K.push(J.value);H=K}var L=E.call(D,H),M=[];\nfunction C(a,b){for(var c=[],d=l(Object.getOwnPropertyNames(Object.prototype)),e=d.next();!e.done;e=d.next())e=e.value,L.includes(e)||M.includes(e)||c.push(e);e=Object.prototype;d=[];for(var f=0;f<c.length;f++){var g=c[f];d[f]={name:g,descriptor:Object.getOwnPropertyDescriptor(Object.prototype,g),type:typeof e[g]}}if(d.length!==0){c=l(d);for(e=c.next();!e.done;e=c.next())M.push(e.value.name);var h;r(b,a,{type:\"SEAL\",origin:(h=window.location.origin)!=null?h:\"unknown\",report:{blockers:d}})}};var N=Math.random(),O=t(),P=window.ppConfig;P&&(P.disableAllReporting||P.deleteIsEnforced&&P.sealIsEnforced||N<P.heartbeatRate&&r(O,P.productName,{origin:window.location.origin,type:\"HEARTBEAT\"}));var y=t(),Q=window.ppConfig;if(Q)if(Q.deleteIsEnforced)delete Object.prototype.__proto__;else if(!Q.disableAllReporting){var x=Q.productName;try{var w,A;Object.defineProperty(Object.prototype,\"__proto__\",{enumerable:!1,get:v(),set:z()})}catch(a){}}\n(function(){var a=t(),b=window.ppConfig;b&&(b.sealIsEnforced?Object.seal(Object.prototype):b.disableAllReporting||(document.readyState!==\"loading\"?B(b,a):document.addEventListener(\"DOMContentLoaded\",function(){B(b,a)})))})();}).call(this);\n</script><meta name=\"description\" content=\"Procesamiento de textos, presentaciones y hojas de cálculo en la Web\"><meta name=\"viewport\" content=\"width=device-width, initial-scale=1.0, maximum-scale=1.0, minimum-scale=1.0, user-scalable=0\"><link rel=\"shortcut icon\" href=\"//docs.google.com/favicon.ico\"><title>No se encontró la página</title><meta name=\"referrer\" content=\"origin\"><link href=\"//fonts.googleapis.com/css?family=Product+Sans\" rel=\"stylesheet\" type=\"text/css\" nonce=\"2hehHu5OlHI9qnRJ6ckmFw\"><style nonce=\"2hehHu5OlHI9qnRJ6ckmFw\">#drive-logo{margin:18px 0;position:absolute;white-space:nowrap}.docs-drivelogo-img{background-image:url(//ssl.gstatic.com/images/branding/googlelogo/1x/googlelogo_color_116x41dp.png);-webkit-background-size:116px 41px;background-size:116px 41px;display:inline-block;height:41px;vertical-align:bottom;width:116px}.docs-drivelogo-text{color:var(--gm3-sys-color-on-surface,#1f1f1f);display:inline-block;opacity:.54;text-decoration:none;font-family:Product Sans,Arial,Helvetica,sans-serif;font-size:2rem;text-rendering:optimizeLegibility;position:relative;top:-6px;left:-7px;-webkit-font-smoothing:antialiased;-moz-osx-font-smoothing:grayscale}@media (-webkit-min-device-pixel-ratio:1.5),(min-resolution:144dpi){.docs-drivelogo-img{background-image:url(//ssl.gstatic.com/images/branding/googlelogo/2x/googlelogo_color_116x41dp.png)}}.goog-inline-block{position:relative;display:-moz-inline-box;display:inline-block}* html .goog-inline-block{display:inline}:first-child+html .goog-inline-block{display:inline}sentinel{}</style><style type=\"text/css\" nonce=\"2hehHu5OlHI9qnRJ6ckmFw\">body {background-color: #fff; font-family: Arial,sans-serif; font-size: 13px; margin: 0; padding: 0;}a, a:link, a:visited {color: #112ABB;}</style><style type=\"text/css\" nonce=\"2hehHu5OlHI9qnRJ6ckmFw\">.errorMessage {font-size: 12pt; font-weight: bold; line-height: 150%;}</style></head><body><div id=\"outerContainer\"><div id=\"innerContainer\"><div style=\"position: absolute; top: -80px;\"><div id=\"drive-logo\"><a href=\"/\"><span class=\"docs-drivelogo-img\" title=\"Logotipo de Google\"></span><span class=\"docs-drivelogo-text\">&nbsp;Drive</span></a></div></div><div align=\"center\"><p class=\"errorMessage\" style=\"padding-top: 50px\">No se pudo abrir el archivo en este momento.</p><p> Verifica la dirección e inténtalo de nuevo.</p><div style=\"background: #F0F6FF; border: 1px solid black; margin-top: 35px; padding: 10px 125px; width: 300px;\"><p><strong>Realiza tus proyectos con Google Drive</strong></p><p>Las aplicaciones de Google Drive te facilitan la tarea de crear, almacenar y compartir documentos, hojas de cálculo, presentaciones y otros archivos en línea.</p><p>Obtén más información en <a href=\"https://drive.google.com/start/apps\">drive.google.com/start/apps</a>.</p></div></div></div></div></body><style nonce=\"2hehHu5OlHI9qnRJ6ckmFw\">html {height: 100%; overflow: auto;}body {height: 100%; overflow: auto;}#outerContainer {margin: auto; max-width: 750px;}#innerContainer {margin-bottom: 20px; margin-left: 40px; margin-right: 40px; margin-top: 80px; position: relative;}</style></html>" {"stack":"Error: Proxy (404): \"<!DOCTYPE html><html lang=\\\"es\\\"><head><script nonce=\\\"fUVpu3q4qiEanKe7jt60Dw\\\">window['ppConfig'] = {productName: '26981ed0d57bbad37e728ff58134270c', deleteIsEnforced:  false , sealIsEnforced:  false , heartbeatRate:  0.5 , periodicReportingRateMillis:  60000.0 , disableAllReporting:  false };(function(){'use strict';function k(a){var b=0;return function(){return b<a.length?{done:!1,value:a[b++]}:{done:!0}}}function l(a){var b=typeof Symbol!=\\\"undefined\\\"&&Symbol.iterator&&a[Symbol.iterator];if(b)return b.call(a);if(typeof a.length==\\\"number\\\")return{next:k(a)};throw Error(String(a)+\\\" is not an iterable or ArrayLike\\\");}var m=typeof Object.defineProperties==\\\"function\\\"?Object.defineProperty:function(a,b,c){if(a==Array.prototype||a==Object.prototype)return a;a[b]=c.value;return a};\\nfunction n(a){a=[\\\"object\\\"==typeof globalThis&&globalThis,a,\\\"object\\\"==typeof window&&window,\\\"object\\\"==typeof self&&self,\\\"object\\\"==typeof global&&global];for(var b=0;b<a.length;++b){var c=a[b];if(c&&c.Math==Math)return c}throw Error(\\\"Cannot find global object\\\");}var p=n(this);function q(a,b){if(b)a:{var c=p;a=a.split(\\\".\\\");for(var d=0;d<a.length-1;d++){var e=a[d];if(!(e in c))break a;c=c[e]}a=a[a.length-1];d=c[a];b=b(d);b!=d&&b!=null&&m(c,a,{configurable:!0,writable:!0,value:b})}}\\nq(\\\"Object.is\\\",function(a){return a?a:function(b,c){return b===c?b!==0||1/b===1/c:b!==b&&c!==c}});q(\\\"Array.prototype.includes\\\",function(a){return a?a:function(b,c){var d=this;d instanceof String&&(d=String(d));var e=d.length;c=c||0;for(c<0&&(c=Math.max(c+e,0));c<e;c++){var f=d[c];if(f===b||Object.is(f,b))return!0}return!1}});\\nq(\\\"String.prototype.includes\\\",function(a){return a?a:function(b,c){if(this==null)throw new TypeError(\\\"The 'this' value for String.prototype.includes must not be null or undefined\\\");if(b instanceof RegExp)throw new TypeError(\\\"First argument to String.prototype.includes must not be a regular expression\\\");return this.indexOf(b,c||0)!==-1}});function r(a,b,c){a(\\\"https://csp.withgoogle.com/csp/proto/\\\"+encodeURIComponent(b),JSON.stringify(c))}function t(){var a;if((a=window.ppConfig)==null?0:a.disableAllReporting)return function(){};var b,c,d,e;return(e=(b=window)==null?void 0:(c=b.navigator)==null?void 0:(d=c.sendBeacon)==null?void 0:d.bind(navigator))!=null?e:u}function u(a,b){var c=new XMLHttpRequest;c.open(\\\"POST\\\",a);c.send(b)}\\nfunction v(){var a=(w=Object.prototype)==null?void 0:w.__lookupGetter__(\\\"__proto__\\\"),b=x,c=y;return function(){var d=a.call(this),e,f,g,h;r(c,b,{type:\\\"ACCESS_GET\\\",origin:(f=window.location.origin)!=null?f:\\\"unknown\\\",report:{className:(g=d==null?void 0:(e=d.constructor)==null?void 0:e.name)!=null?g:\\\"unknown\\\",stackTrace:(h=Error().stack)!=null?h:\\\"unknown\\\"}});return d}}\\nfunction z(){var a=(A=Object.prototype)==null?void 0:A.__lookupSetter__(\\\"__proto__\\\"),b=x,c=y;return function(d){d=a.call(this,d);var e,f,g,h;r(c,b,{type:\\\"ACCESS_SET\\\",origin:(f=window.location.origin)!=null?f:\\\"unknown\\\",report:{className:(g=d==null?void 0:(e=d.constructor)==null?void 0:e.name)!=null?g:\\\"unknown\\\",stackTrace:(h=Error().stack)!=null?h:\\\"unknown\\\"}});return d}}function B(a,b){C(a.productName,b);setInterval(function(){C(a.productName,b)},a.periodicReportingRateMillis)}\\nvar D=\\\"constructor __defineGetter__ __defineSetter__ hasOwnProperty __lookupGetter__ __lookupSetter__ isPrototypeOf propertyIsEnumerable toString valueOf __proto__ toLocaleString x_ngfn_x\\\".split(\\\" \\\"),E=D.concat,F=navigator.userAgent.match(/Firefox\\\\/([0-9]+)\\\\./),G=(!F||F.length<2?0:Number(F[1])<75)?[\\\"toSource\\\"]:[],H;if(G instanceof Array)H=G;else{for(var I=l(G),J,K=[];!(J=I.next()).done;)K.push(J.value);H=K}var L=E.call(D,H),M=[];\\nfunction C(a,b){for(var c=[],d=l(Object.getOwnPropertyNames(Object.prototype)),e=d.next();!e.done;e=d.next())e=e.value,L.includes(e)||M.includes(e)||c.push(e);e=Object.prototype;d=[];for(var f=0;f<c.length;f++){var g=c[f];d[f]={name:g,descriptor:Object.getOwnPropertyDescriptor(Object.prototype,g),type:typeof e[g]}}if(d.length!==0){c=l(d);for(e=c.next();!e.done;e=c.next())M.push(e.value.name);var h;r(b,a,{type:\\\"SEAL\\\",origin:(h=window.location.origin)!=null?h:\\\"unknown\\\",report:{blockers:d}})}};var N=Math.random(),O=t(),P=window.ppConfig;P&&(P.disableAllReporting||P.deleteIsEnforced&&P.sealIsEnforced||N<P.heartbeatRate&&r(O,P.productName,{origin:window.location.origin,type:\\\"HEARTBEAT\\\"}));var y=t(),Q=window.ppConfig;if(Q)if(Q.deleteIsEnforced)delete Object.prototype.__proto__;else if(!Q.disableAllReporting){var x=Q.productName;try{var w,A;Object.defineProperty(Object.prototype,\\\"__proto__\\\",{enumerable:!1,get:v(),set:z()})}catch(a){}}\\n(function(){var a=t(),b=window.ppConfig;b&&(b.sealIsEnforced?Object.seal(Object.prototype):b.disableAllReporting||(document.readyState!==\\\"loading\\\"?B(b,a):document.addEventListener(\\\"DOMContentLoaded\\\",function(){B(b,a)})))})();}).call(this);\\n</script><meta name=\\\"description\\\" content=\\\"Procesamiento de textos, presentaciones y hojas de cálculo en la Web\\\"><meta name=\\\"viewport\\\" content=\\\"width=device-width, initial-scale=1.0, maximum-scale=1.0, minimum-scale=1.0, user-scalable=0\\\"><link rel=\\\"shortcut icon\\\" href=\\\"//docs.google.com/favicon.ico\\\"><title>No se encontró la página</title><meta name=\\\"referrer\\\" content=\\\"origin\\\"><link href=\\\"//fonts.googleapis.com/css?family=Product+Sans\\\" rel=\\\"stylesheet\\\" type=\\\"text/css\\\" nonce=\\\"2hehHu5OlHI9qnRJ6ckmFw\\\"><style nonce=\\\"2hehHu5OlHI9qnRJ6ckmFw\\\">#drive-logo{margin:18px 0;position:absolute;white-space:nowrap}.docs-drivelogo-img{background-image:url(//ssl.gstatic.com/images/branding/googlelogo/1x/googlelogo_color_116x41dp.png);-webkit-background-size:116px 41px;background-size:116px 41px;display:inline-block;height:41px;vertical-align:bottom;width:116px}.docs-drivelogo-text{color:var(--gm3-sys-color-on-surface,#1f1f1f);display:inline-block;opacity:.54;text-decoration:none;font-family:Product Sans,Arial,Helvetica,sans-serif;font-size:2rem;text-rendering:optimizeLegibility;position:relative;top:-6px;left:-7px;-webkit-font-smoothing:antialiased;-moz-osx-font-smoothing:grayscale}@media (-webkit-min-device-pixel-ratio:1.5),(min-resolution:144dpi){.docs-drivelogo-img{background-image:url(//ssl.gstatic.com/images/branding/googlelogo/2x/googlelogo_color_116x41dp.png)}}.goog-inline-block{position:relative;display:-moz-inline-box;display:inline-block}* html .goog-inline-block{display:inline}:first-child+html .goog-inline-block{display:inline}sentinel{}</style><style type=\\\"text/css\\\" nonce=\\\"2hehHu5OlHI9qnRJ6ckmFw\\\">body {background-color: #fff; font-family: Arial,sans-serif; font-size: 13px; margin: 0; padding: 0;}a, a:link, a:visited {color: #112ABB;}</style><style type=\\\"text/css\\\" nonce=\\\"2hehHu5OlHI9qnRJ6ckmFw\\\">.errorMessage {font-size: 12pt; font-weight: bold; line-height: 150%;}</style></head><body><div id=\\\"outerContainer\\\"><div id=\\\"innerContainer\\\"><div style=\\\"position: absolute; top: -80px;\\\"><div id=\\\"drive-logo\\\"><a href=\\\"/\\\"><span class=\\\"docs-drivelogo-img\\\" title=\\\"Logotipo de Google\\\"></span><span class=\\\"docs-drivelogo-text\\\">&nbsp;Drive</span></a></div></div><div align=\\\"center\\\"><p class=\\\"errorMessage\\\" style=\\\"padding-top: 50px\\\">No se pudo abrir el archivo en este momento.</p><p> Verifica la dirección e inténtalo de nuevo.</p><div style=\\\"background: #F0F6FF; border: 1px solid black; margin-top: 35px; padding: 10px 125px; width: 300px;\\\"><p><strong>Realiza tus proyectos con Google Drive</strong></p><p>Las aplicaciones de Google Drive te facilitan la tarea de crear, almacenar y compartir documentos, hojas de cálculo, presentaciones y otros archivos en línea.</p><p>Obtén más información en <a href=\\\"https://drive.google.com/start/apps\\\">drive.google.com/start/apps</a>.</p></div></div></div></div></body><style nonce=\\\"2hehHu5OlHI9qnRJ6ckmFw\\\">html {height: 100%; overflow: auto;}body {height: 100%; overflow: auto;}#outerContainer {margin: auto; max-width: 750px;}#innerContainer {margin-bottom: 20px; margin-left: 40px; margin-right: 40px; margin-top: 80px; position: relative;}</style></html>\"\n    at WalletAPI.requestViaProxy (C:\\Users\\zevet\\OneDrive\\Desktop\\Web\\BalanceSheet\\telegram-wallet-bot\\wallet-api.js:51:23)\n    at process.processTicksAndRejections (node:internal/process/task_queues:105:5)\n    at async WalletAPI.getAccounts (C:\\Users\\zevet\\OneDrive\\Desktop\\Web\\BalanceSheet\\telegram-wallet-bot\\wallet-api.js:92:22)\n    at async WalletBot.handleAdd (C:\\Users\\zevet\\OneDrive\\Desktop\\Web\\BalanceSheet\\telegram-wallet-bot\\bot.js:171:42)"}
[2026-08-29 08:35:03] ERROR: ❌ Promesa rechazada: ETELEGRAM: 400 Bad Request: message is too long {"code":"ETELEGRAM","response":{"statusCode":400,"body":{"ok":false,"error_code":400,"description":"Bad Request: message is too long"},"headers":{"server":"nginx/1.30.1","date":"Sat, 29 Aug 2026 12:35:03 GMT","content-type":"application/json","content-length":"78","connection":"keep-alive","strict-transport-security":"max-age=31536000; includeSubDomains; preload","access-control-allow-origin":"*","access-control-expose-headers":"Content-Length,Content-Type,Date,Server,Connection"},"request":{"uri":{"protocol":"https:","slashes":true,"auth":null,"host":"api.telegram.org","port":443,"hostname":"api.telegram.org","hash":null,"search":null,"query":null,"pathname":"/bot8531840485:AAHt7s941la_dnoqFRCo1luURaIXxvPMXwY/sendMessage","path":"/bot8531840485:AAHt7s941la_dnoqFRCo1luURaIXxvPMXwY/sendMessage","href":"https://api.telegram.org/bot8531840485:AAHt7s941la_dnoqFRCo1luURaIXxvPMXwY/sendMessage"},"method":"POST","headers":{"content-type":"application/x-www-form-urlencoded","content-length":12181}}},"stack":"Error: ETELEGRAM: 400 Bad Request: message is too long\n    at C:\\Users\\zevet\\OneDrive\\Desktop\\Web\\BalanceSheet\\telegram-wallet-bot\\node_modules\\node-telegram-bot-api\\src\\telegram.js:299:15\n    at tryCatcher (C:\\Users\\zevet\\OneDrive\\Desktop\\Web\\BalanceSheet\\telegram-wallet-bot\\node_modules\\bluebird\\js\\release\\util.js:16:23)\n    at Promise._settlePromiseFromHandler (C:\\Users\\zevet\\OneDrive\\Desktop\\Web\\BalanceSheet\\telegram-wallet-bot\\node_modules\\bluebird\\js\\release\\promise.js:547:31)\n    at Promise._settlePromise (C:\\Users\\zevet\\OneDrive\\Desktop\\Web\\BalanceSheet\\telegram-wallet-bot\\node_modules\\bluebird\\js\\release\\promise.js:604:18)\n    at Promise._settlePromise0 (C:\\Users\\zevet\\OneDrive\\Desktop\\Web\\BalanceSheet\\telegram-wallet-bot\\node_modules\\bluebird\\js\\release\\promise.js:649:10)\n    at Promise._settlePromises (C:\\Users\\zevet\\OneDrive\\Desktop\\Web\\BalanceSheet\\telegram-wallet-bot\\node_modules\\bluebird\\js\\release\\promise.js:729:18)\n    at _drainQueueStep (C:\\Users\\zevet\\OneDrive\\Desktop\\Web\\BalanceSheet\\telegram-wallet-bot\\node_modules\\bluebird\\js\\release\\async.js:93:12)\n    at _drainQueue (C:\\Users\\zevet\\OneDrive\\Desktop\\Web\\BalanceSheet\\telegram-wallet-bot\\node_modules\\bluebird\\js\\release\\async.js:86:9)\n    at Async._drainQueues (C:\\Users\\zevet\\OneDrive\\Desktop\\Web\\BalanceSheet\\telegram-wallet-bot\\node_modules\\bluebird\\js\\release\\async.js:102:5)\n    at Async.drainQueues (C:\\Users\\zevet\\OneDrive\\Desktop\\Web\\BalanceSheet\\telegram-wallet-bot\\node_modules\\bluebird\\js\\release\\async.js:15:14)\n    at process.processImmediate (node:internal/timers:485:21)"}
[2026-08-29 08:43:43] INFO: 🤖 Bot de Wallet iniciado correctamente
[2026-08-29 08:43:43] INFO: 🚀 Bot iniciado. Esperando mensajes...
[2026-08-29 08:43:43] INFO: 📱 Bot: @8531840485
[2026-08-29 08:47:13] INFO: 🤖 Bot de Wallet iniciado correctamente
[2026-08-29 08:47:13] INFO: 🚀 Bot iniciado. Esperando mensajes...
[2026-08-29 08:47:13] INFO: 📱 Bot: @8531840485
[2026-08-29 08:54:37] INFO: 🤖 Bot de Wallet iniciado correctamente
[2026-08-29 08:54:37] INFO: 🚀 Bot iniciado. Esperando mensajes...
[2026-08-29 08:54:37] INFO: 📱 Bot: @8531840485
[2026-08-29 09:22:33] ERROR: Error en handleAdd: Proxy: timeout of 30000ms exceeded {"stack":"Error: Proxy: timeout of 30000ms exceeded\n    at WalletAPI.requestViaProxy (C:\\Users\\zevet\\OneDrive\\Desktop\\Web\\BalanceSheet\\telegram-wallet-bot\\wallet-api.js:53:19)\n    at process.processTicksAndRejections (node:internal/process/task_queues:105:5)\n    at async WalletAPI.createTransactionSimple (C:\\Users\\zevet\\OneDrive\\Desktop\\Web\\BalanceSheet\\telegram-wallet-bot\\wallet-api.js:299:24)\n    at async WalletBot.handleAdd (C:\\Users\\zevet\\OneDrive\\Desktop\\Web\\BalanceSheet\\telegram-wallet-bot\\bot.js:307:32)"}
[2026-08-29 09:37:55] INFO: 🤖 Bot de Wallet iniciado correctamente
[2026-08-29 09:37:55] INFO: 🚀 Bot iniciado. Esperando mensajes...
[2026-08-29 09:37:55] INFO: 📱 Bot: @8531840485
[2026-08-29 09:38:58] ERROR: Error en handleAllAccounts: Proxy: Wallet API respondió 400 {"stack":"Error: Proxy: Wallet API respondió 400\n    at WalletAPI.requestViaProxy (C:\\Users\\zevet\\OneDrive\\Desktop\\Web\\BalanceSheet\\telegram-wallet-bot\\wallet-api.js:53:19)\n    at process.processTicksAndRejections (node:internal/process/task_queues:105:5)\n    at async WalletAPI.getAccounts (C:\\Users\\zevet\\OneDrive\\Desktop\\Web\\BalanceSheet\\telegram-wallet-bot\\wallet-api.js:116:26)\n    at async WalletBot.handleAllAccounts (C:\\Users\\zevet\\OneDrive\\Desktop\\Web\\BalanceSheet\\telegram-wallet-bot\\bot.js:738:30)"}
[2026-08-29 09:55:21] INFO: 🤖 Bot de Wallet iniciado correctamente
[2026-08-29 09:55:21] INFO: 🚀 Bot iniciado. Esperando mensajes...
[2026-08-29 09:55:21] INFO: 📱 Bot: @8531840485
[2026-08-29 10:00:20] INFO: 🤖 Bot de Wallet iniciado correctamente
[2026-08-29 10:00:20] INFO: 🚀 Bot iniciado. Esperando mensajes...
[2026-08-29 10:00:20] INFO: 📱 Bot: @8531840485
[2026-08-29 10:30:08] INFO: 🤖 Bot de Wallet iniciado correctamente
[2026-08-29 10:30:08] INFO: 🚀 Bot iniciado. Esperando mensajes...
[2026-08-29 10:30:08] INFO: 📱 Bot: @8531840485
[2026-08-29 10:32:54] INFO: 🤖 Bot de Wallet iniciado correctamente
[2026-08-29 10:32:54] INFO: 🚀 Bot iniciado. Esperando mensajes...
[2026-08-29 10:32:54] INFO: 📱 Bot: @8531840485
[2026-08-29 10:34:04] ERROR: Error en handleAllAccounts: Proxy: timeout of 30000ms exceeded {"stack":"Error: Proxy: timeout of 30000ms exceeded\n    at WalletAPI.requestViaProxy (C:\\Users\\zevet\\OneDrive\\Desktop\\Web\\BalanceSheet\\telegram-wallet-bot\\wallet-api.js:53:19)\n    at process.processTicksAndRejections (node:internal/process/task_queues:105:5)\n    at async WalletAPI.getAccounts (C:\\Users\\zevet\\OneDrive\\Desktop\\Web\\BalanceSheet\\telegram-wallet-bot\\wallet-api.js:119:26)\n    at async WalletBot.handleAllAccounts (C:\\Users\\zevet\\OneDrive\\Desktop\\Web\\BalanceSheet\\telegram-wallet-bot\\bot.js:711:30)"}
[2026-08-29 10:34:21] ERROR: Error en handleAllAccounts: Proxy (404): "<!DOCTYPE html><html lang=\"es\"><head><script nonce=\"spgVVjEMBIQx7nJ6fjU0sA\">window['ppConfig'] = {productName: '26981ed0d57bbad37e728ff58134270c', deleteIsEnforced:  false , sealIsEnforced:  false , heartbeatRate:  0.5 , periodicReportingRateMillis:  60000.0 , disableAllReporting:  false };(function(){'use strict';function k(a){var b=0;return function(){return b<a.length?{done:!1,value:a[b++]}:{done:!0}}}function l(a){var b=typeof Symbol!=\"undefined\"&&Symbol.iterator&&a[Symbol.iterator];if(b)return b.call(a);if(typeof a.length==\"number\")return{next:k(a)};throw Error(String(a)+\" is not an iterable or ArrayLike\");}var m=typeof Object.defineProperties==\"function\"?Object.defineProperty:function(a,b,c){if(a==Array.prototype||a==Object.prototype)return a;a[b]=c.value;return a};\nfunction n(a){a=[\"object\"==typeof globalThis&&globalThis,a,\"object\"==typeof window&&window,\"object\"==typeof self&&self,\"object\"==typeof global&&global];for(var b=0;b<a.length;++b){var c=a[b];if(c&&c.Math==Math)return c}throw Error(\"Cannot find global object\");}var p=n(this);function q(a,b){if(b)a:{var c=p;a=a.split(\".\");for(var d=0;d<a.length-1;d++){var e=a[d];if(!(e in c))break a;c=c[e]}a=a[a.length-1];d=c[a];b=b(d);b!=d&&b!=null&&m(c,a,{configurable:!0,writable:!0,value:b})}}\nq(\"Object.is\",function(a){return a?a:function(b,c){return b===c?b!==0||1/b===1/c:b!==b&&c!==c}});q(\"Array.prototype.includes\",function(a){return a?a:function(b,c){var d=this;d instanceof String&&(d=String(d));var e=d.length;c=c||0;for(c<0&&(c=Math.max(c+e,0));c<e;c++){var f=d[c];if(f===b||Object.is(f,b))return!0}return!1}});\nq(\"String.prototype.includes\",function(a){return a?a:function(b,c){if(this==null)throw new TypeError(\"The 'this' value for String.prototype.includes must not be null or undefined\");if(b instanceof RegExp)throw new TypeError(\"First argument to String.prototype.includes must not be a regular expression\");return this.indexOf(b,c||0)!==-1}});function r(a,b,c){a(\"https://csp.withgoogle.com/csp/proto/\"+encodeURIComponent(b),JSON.stringify(c))}function t(){var a;if((a=window.ppConfig)==null?0:a.disableAllReporting)return function(){};var b,c,d,e;return(e=(b=window)==null?void 0:(c=b.navigator)==null?void 0:(d=c.sendBeacon)==null?void 0:d.bind(navigator))!=null?e:u}function u(a,b){var c=new XMLHttpRequest;c.open(\"POST\",a);c.send(b)}\nfunction v(){var a=(w=Object.prototype)==null?void 0:w.__lookupGetter__(\"__proto__\"),b=x,c=y;return function(){var d=a.call(this),e,f,g,h;r(c,b,{type:\"ACCESS_GET\",origin:(f=window.location.origin)!=null?f:\"unknown\",report:{className:(g=d==null?void 0:(e=d.constructor)==null?void 0:e.name)!=null?g:\"unknown\",stackTrace:(h=Error().stack)!=null?h:\"unknown\"}});return d}}\nfunction z(){var a=(A=Object.prototype)==null?void 0:A.__lookupSetter__(\"__proto__\"),b=x,c=y;return function(d){d=a.call(this,d);var e,f,g,h;r(c,b,{type:\"ACCESS_SET\",origin:(f=window.location.origin)!=null?f:\"unknown\",report:{className:(g=d==null?void 0:(e=d.constructor)==null?void 0:e.name)!=null?g:\"unknown\",stackTrace:(h=Error().stack)!=null?h:\"unknown\"}});return d}}function B(a,b){C(a.productName,b);setInterval(function(){C(a.productName,b)},a.periodicReportingRateMillis)}\nvar D=\"constructor __defineGetter__ __defineSetter__ hasOwnProperty __lookupGetter__ __lookupSetter__ isPrototypeOf propertyIsEnumerable toString valueOf __proto__ toLocaleString x_ngfn_x\".split(\" \"),E=D.concat,F=navigator.userAgent.match(/Firefox\\/([0-9]+)\\./),G=(!F||F.length<2?0:Number(F[1])<75)?[\"toSource\"]:[],H;if(G instanceof Array)H=G;else{for(var I=l(G),J,K=[];!(J=I.next()).done;)K.push(J.value);H=K}var L=E.call(D,H),M=[];\nfunction C(a,b){for(var c=[],d=l(Object.getOwnPropertyNames(Object.prototype)),e=d.next();!e.done;e=d.next())e=e.value,L.includes(e)||M.includes(e)||c.push(e);e=Object.prototype;d=[];for(var f=0;f<c.length;f++){var g=c[f];d[f]={name:g,descriptor:Object.getOwnPropertyDescriptor(Object.prototype,g),type:typeof e[g]}}if(d.length!==0){c=l(d);for(e=c.next();!e.done;e=c.next())M.push(e.value.name);var h;r(b,a,{type:\"SEAL\",origin:(h=window.location.origin)!=null?h:\"unknown\",report:{blockers:d}})}};var N=Math.random(),O=t(),P=window.ppConfig;P&&(P.disableAllReporting||P.deleteIsEnforced&&P.sealIsEnforced||N<P.heartbeatRate&&r(O,P.productName,{origin:window.location.origin,type:\"HEARTBEAT\"}));var y=t(),Q=window.ppConfig;if(Q)if(Q.deleteIsEnforced)delete Object.prototype.__proto__;else if(!Q.disableAllReporting){var x=Q.productName;try{var w,A;Object.defineProperty(Object.prototype,\"__proto__\",{enumerable:!1,get:v(),set:z()})}catch(a){}}\n(function(){var a=t(),b=window.ppConfig;b&&(b.sealIsEnforced?Object.seal(Object.prototype):b.disableAllReporting||(document.readyState!==\"loading\"?B(b,a):document.addEventListener(\"DOMContentLoaded\",function(){B(b,a)})))})();}).call(this);\n</script><meta name=\"description\" content=\"Procesamiento de textos, presentaciones y hojas de cálculo en la Web\"><meta name=\"viewport\" content=\"width=device-width, initial-scale=1.0, maximum-scale=1.0, minimum-scale=1.0, user-scalable=0\"><link rel=\"shortcut icon\" href=\"//docs.google.com/favicon.ico\"><title>No se encontró la página</title><meta name=\"referrer\" content=\"origin\"><link href=\"//fonts.googleapis.com/css?family=Product+Sans\" rel=\"stylesheet\" type=\"text/css\" nonce=\"gEdSRkEMiyCuxOVxcdrSeA\"><style nonce=\"gEdSRkEMiyCuxOVxcdrSeA\">#drive-logo{margin:18px 0;position:absolute;white-space:nowrap}.docs-drivelogo-img{background-image:url(//ssl.gstatic.com/images/branding/googlelogo/1x/googlelogo_color_116x41dp.png);-webkit-background-size:116px 41px;background-size:116px 41px;display:inline-block;height:41px;vertical-align:bottom;width:116px}.docs-drivelogo-text{color:var(--gm3-sys-color-on-surface,#1f1f1f);display:inline-block;opacity:.54;text-decoration:none;font-family:Product Sans,Arial,Helvetica,sans-serif;font-size:2rem;text-rendering:optimizeLegibility;position:relative;top:-6px;left:-7px;-webkit-font-smoothing:antialiased;-moz-osx-font-smoothing:grayscale}@media (-webkit-min-device-pixel-ratio:1.5),(min-resolution:144dpi){.docs-drivelogo-img{background-image:url(//ssl.gstatic.com/images/branding/googlelogo/2x/googlelogo_color_116x41dp.png)}}.goog-inline-block{position:relative;display:-moz-inline-box;display:inline-block}* html .goog-inline-block{display:inline}:first-child+html .goog-inline-block{display:inline}sentinel{}</style><style type=\"text/css\" nonce=\"gEdSRkEMiyCuxOVxcdrSeA\">body {background-color: #fff; font-family: Arial,sans-serif; font-size: 13px; margin: 0; padding: 0;}a, a:link, a:visited {color: #112ABB;}</style><style type=\"text/css\" nonce=\"gEdSRkEMiyCuxOVxcdrSeA\">.errorMessage {font-size: 12pt; font-weight: bold; line-height: 150%;}</style></head><body><div id=\"outerContainer\"><div id=\"innerContainer\"><div style=\"position: absolute; top: -80px;\"><div id=\"drive-logo\"><a href=\"/\"><span class=\"docs-drivelogo-img\" title=\"Logotipo de Google\"></span><span class=\"docs-drivelogo-text\">&nbsp;Drive</span></a></div></div><div align=\"center\"><p class=\"errorMessage\" style=\"padding-top: 50px\">No se pudo abrir el archivo en este momento.</p><p> Verifica la dirección e inténtalo de nuevo.</p><div style=\"background: #F0F6FF; border: 1px solid black; margin-top: 35px; padding: 10px 125px; width: 300px;\"><p><strong>Realiza tus proyectos con Google Drive</strong></p><p>Las aplicaciones de Google Drive te facilitan la tarea de crear, almacenar y compartir documentos, hojas de cálculo, presentaciones y otros archivos en línea.</p><p>Obtén más información en <a href=\"https://drive.google.com/start/apps\">drive.google.com/start/apps</a>.</p></div></div></div></div></body><style nonce=\"gEdSRkEMiyCuxOVxcdrSeA\">html {height: 100%; overflow: auto;}body {height: 100%; overflow: auto;}#outerContainer {margin: auto; max-width: 750px;}#innerContainer {margin-bottom: 20px; margin-left: 40px; margin-right: 40px; margin-top: 80px; position: relative;}</style></html>" {"stack":"Error: Proxy (404): \"<!DOCTYPE html><html lang=\\\"es\\\"><head><script nonce=\\\"spgVVjEMBIQx7nJ6fjU0sA\\\">window['ppConfig'] = {productName: '26981ed0d57bbad37e728ff58134270c', deleteIsEnforced:  false , sealIsEnforced:  false , heartbeatRate:  0.5 , periodicReportingRateMillis:  60000.0 , disableAllReporting:  false };(function(){'use strict';function k(a){var b=0;return function(){return b<a.length?{done:!1,value:a[b++]}:{done:!0}}}function l(a){var b=typeof Symbol!=\\\"undefined\\\"&&Symbol.iterator&&a[Symbol.iterator];if(b)return b.call(a);if(typeof a.length==\\\"number\\\")return{next:k(a)};throw Error(String(a)+\\\" is not an iterable or ArrayLike\\\");}var m=typeof Object.defineProperties==\\\"function\\\"?Object.defineProperty:function(a,b,c){if(a==Array.prototype||a==Object.prototype)return a;a[b]=c.value;return a};\\nfunction n(a){a=[\\\"object\\\"==typeof globalThis&&globalThis,a,\\\"object\\\"==typeof window&&window,\\\"object\\\"==typeof self&&self,\\\"object\\\"==typeof global&&global];for(var b=0;b<a.length;++b){var c=a[b];if(c&&c.Math==Math)return c}throw Error(\\\"Cannot find global object\\\");}var p=n(this);function q(a,b){if(b)a:{var c=p;a=a.split(\\\".\\\");for(var d=0;d<a.length-1;d++){var e=a[d];if(!(e in c))break a;c=c[e]}a=a[a.length-1];d=c[a];b=b(d);b!=d&&b!=null&&m(c,a,{configurable:!0,writable:!0,value:b})}}\\nq(\\\"Object.is\\\",function(a){return a?a:function(b,c){return b===c?b!==0||1/b===1/c:b!==b&&c!==c}});q(\\\"Array.prototype.includes\\\",function(a){return a?a:function(b,c){var d=this;d instanceof String&&(d=String(d));var e=d.length;c=c||0;for(c<0&&(c=Math.max(c+e,0));c<e;c++){var f=d[c];if(f===b||Object.is(f,b))return!0}return!1}});\\nq(\\\"String.prototype.includes\\\",function(a){return a?a:function(b,c){if(this==null)throw new TypeError(\\\"The 'this' value for String.prototype.includes must not be null or undefined\\\");if(b instanceof RegExp)throw new TypeError(\\\"First argument to String.prototype.includes must not be a regular expression\\\");return this.indexOf(b,c||0)!==-1}});function r(a,b,c){a(\\\"https://csp.withgoogle.com/csp/proto/\\\"+encodeURIComponent(b),JSON.stringify(c))}function t(){var a;if((a=window.ppConfig)==null?0:a.disableAllReporting)return function(){};var b,c,d,e;return(e=(b=window)==null?void 0:(c=b.navigator)==null?void 0:(d=c.sendBeacon)==null?void 0:d.bind(navigator))!=null?e:u}function u(a,b){var c=new XMLHttpRequest;c.open(\\\"POST\\\",a);c.send(b)}\\nfunction v(){var a=(w=Object.prototype)==null?void 0:w.__lookupGetter__(\\\"__proto__\\\"),b=x,c=y;return function(){var d=a.call(this),e,f,g,h;r(c,b,{type:\\\"ACCESS_GET\\\",origin:(f=window.location.origin)!=null?f:\\\"unknown\\\",report:{className:(g=d==null?void 0:(e=d.constructor)==null?void 0:e.name)!=null?g:\\\"unknown\\\",stackTrace:(h=Error().stack)!=null?h:\\\"unknown\\\"}});return d}}\\nfunction z(){var a=(A=Object.prototype)==null?void 0:A.__lookupSetter__(\\\"__proto__\\\"),b=x,c=y;return function(d){d=a.call(this,d);var e,f,g,h;r(c,b,{type:\\\"ACCESS_SET\\\",origin:(f=window.location.origin)!=null?f:\\\"unknown\\\",report:{className:(g=d==null?void 0:(e=d.constructor)==null?void 0:e.name)!=null?g:\\\"unknown\\\",stackTrace:(h=Error().stack)!=null?h:\\\"unknown\\\"}});return d}}function B(a,b){C(a.productName,b);setInterval(function(){C(a.productName,b)},a.periodicReportingRateMillis)}\\nvar D=\\\"constructor __defineGetter__ __defineSetter__ hasOwnProperty __lookupGetter__ __lookupSetter__ isPrototypeOf propertyIsEnumerable toString valueOf __proto__ toLocaleString x_ngfn_x\\\".split(\\\" \\\"),E=D.concat,F=navigator.userAgent.match(/Firefox\\\\/([0-9]+)\\\\./),G=(!F||F.length<2?0:Number(F[1])<75)?[\\\"toSource\\\"]:[],H;if(G instanceof Array)H=G;else{for(var I=l(G),J,K=[];!(J=I.next()).done;)K.push(J.value);H=K}var L=E.call(D,H),M=[];\\nfunction C(a,b){for(var c=[],d=l(Object.getOwnPropertyNames(Object.prototype)),e=d.next();!e.done;e=d.next())e=e.value,L.includes(e)||M.includes(e)||c.push(e);e=Object.prototype;d=[];for(var f=0;f<c.length;f++){var g=c[f];d[f]={name:g,descriptor:Object.getOwnPropertyDescriptor(Object.prototype,g),type:typeof e[g]}}if(d.length!==0){c=l(d);for(e=c.next();!e.done;e=c.next())M.push(e.value.name);var h;r(b,a,{type:\\\"SEAL\\\",origin:(h=window.location.origin)!=null?h:\\\"unknown\\\",report:{blockers:d}})}};var N=Math.random(),O=t(),P=window.ppConfig;P&&(P.disableAllReporting||P.deleteIsEnforced&&P.sealIsEnforced||N<P.heartbeatRate&&r(O,P.productName,{origin:window.location.origin,type:\\\"HEARTBEAT\\\"}));var y=t(),Q=window.ppConfig;if(Q)if(Q.deleteIsEnforced)delete Object.prototype.__proto__;else if(!Q.disableAllReporting){var x=Q.productName;try{var w,A;Object.defineProperty(Object.prototype,\\\"__proto__\\\",{enumerable:!1,get:v(),set:z()})}catch(a){}}\\n(function(){var a=t(),b=window.ppConfig;b&&(b.sealIsEnforced?Object.seal(Object.prototype):b.disableAllReporting||(document.readyState!==\\\"loading\\\"?B(b,a):document.addEventListener(\\\"DOMContentLoaded\\\",function(){B(b,a)})))})();}).call(this);\\n</script><meta name=\\\"description\\\" content=\\\"Procesamiento de textos, presentaciones y hojas de cálculo en la Web\\\"><meta name=\\\"viewport\\\" content=\\\"width=device-width, initial-scale=1.0, maximum-scale=1.0, minimum-scale=1.0, user-scalable=0\\\"><link rel=\\\"shortcut icon\\\" href=\\\"//docs.google.com/favicon.ico\\\"><title>No se encontró la página</title><meta name=\\\"referrer\\\" content=\\\"origin\\\"><link href=\\\"//fonts.googleapis.com/css?family=Product+Sans\\\" rel=\\\"stylesheet\\\" type=\\\"text/css\\\" nonce=\\\"gEdSRkEMiyCuxOVxcdrSeA\\\"><style nonce=\\\"gEdSRkEMiyCuxOVxcdrSeA\\\">#drive-logo{margin:18px 0;position:absolute;white-space:nowrap}.docs-drivelogo-img{background-image:url(//ssl.gstatic.com/images/branding/googlelogo/1x/googlelogo_color_116x41dp.png);-webkit-background-size:116px 41px;background-size:116px 41px;display:inline-block;height:41px;vertical-align:bottom;width:116px}.docs-drivelogo-text{color:var(--gm3-sys-color-on-surface,#1f1f1f);display:inline-block;opacity:.54;text-decoration:none;font-family:Product Sans,Arial,Helvetica,sans-serif;font-size:2rem;text-rendering:optimizeLegibility;position:relative;top:-6px;left:-7px;-webkit-font-smoothing:antialiased;-moz-osx-font-smoothing:grayscale}@media (-webkit-min-device-pixel-ratio:1.5),(min-resolution:144dpi){.docs-drivelogo-img{background-image:url(//ssl.gstatic.com/images/branding/googlelogo/2x/googlelogo_color_116x41dp.png)}}.goog-inline-block{position:relative;display:-moz-inline-box;display:inline-block}* html .goog-inline-block{display:inline}:first-child+html .goog-inline-block{display:inline}sentinel{}</style><style type=\\\"text/css\\\" nonce=\\\"gEdSRkEMiyCuxOVxcdrSeA\\\">body {background-color: #fff; font-family: Arial,sans-serif; font-size: 13px; margin: 0; padding: 0;}a, a:link, a:visited {color: #112ABB;}</style><style type=\\\"text/css\\\" nonce=\\\"gEdSRkEMiyCuxOVxcdrSeA\\\">.errorMessage {font-size: 12pt; font-weight: bold; line-height: 150%;}</style></head><body><div id=\\\"outerContainer\\\"><div id=\\\"innerContainer\\\"><div style=\\\"position: absolute; top: -80px;\\\"><div id=\\\"drive-logo\\\"><a href=\\\"/\\\"><span class=\\\"docs-drivelogo-img\\\" title=\\\"Logotipo de Google\\\"></span><span class=\\\"docs-drivelogo-text\\\">&nbsp;Drive</span></a></div></div><div align=\\\"center\\\"><p class=\\\"errorMessage\\\" style=\\\"padding-top: 50px\\\">No se pudo abrir el archivo en este momento.</p><p> Verifica la dirección e inténtalo de nuevo.</p><div style=\\\"background: #F0F6FF; border: 1px solid black; margin-top: 35px; padding: 10px 125px; width: 300px;\\\"><p><strong>Realiza tus proyectos con Google Drive</strong></p><p>Las aplicaciones de Google Drive te facilitan la tarea de crear, almacenar y compartir documentos, hojas de cálculo, presentaciones y otros archivos en línea.</p><p>Obtén más información en <a href=\\\"https://drive.google.com/start/apps\\\">drive.google.com/start/apps</a>.</p></div></div></div></div></body><style nonce=\\\"gEdSRkEMiyCuxOVxcdrSeA\\\">html {height: 100%; overflow: auto;}body {height: 100%; overflow: auto;}#outerContainer {margin: auto; max-width: 750px;}#innerContainer {margin-bottom: 20px; margin-left: 40px; margin-right: 40px; margin-top: 80px; position: relative;}</style></html>\"\n    at WalletAPI.requestViaProxy (C:\\Users\\zevet\\OneDrive\\Desktop\\Web\\BalanceSheet\\telegram-wallet-bot\\wallet-api.js:51:23)\n    at process.processTicksAndRejections (node:internal/process/task_queues:105:5)\n    at async WalletAPI.getAccounts (C:\\Users\\zevet\\OneDrive\\Desktop\\Web\\BalanceSheet\\telegram-wallet-bot\\wallet-api.js:119:26)\n    at async WalletBot.handleAllAccounts (C:\\Users\\zevet\\OneDrive\\Desktop\\Web\\BalanceSheet\\telegram-wallet-bot\\bot.js:711:30)"}
[2026-08-29 10:34:22] ERROR: ❌ Promesa rechazada: ETELEGRAM: 400 Bad Request: message is too long {"code":"ETELEGRAM","response":{"statusCode":400,"body":{"ok":false,"error_code":400,"description":"Bad Request: message is too long"},"headers":{"server":"nginx/1.30.1","date":"Sat, 29 Aug 2026 14:34:22 GMT","content-type":"application/json","content-length":"78","connection":"keep-alive","strict-transport-security":"max-age=31536000; includeSubDomains; preload","access-control-allow-origin":"*","access-control-expose-headers":"Content-Length,Content-Type,Date,Server,Connection"},"request":{"uri":{"protocol":"https:","slashes":true,"auth":null,"host":"api.telegram.org","port":443,"hostname":"api.telegram.org","hash":null,"search":null,"query":null,"pathname":"/bot8531840485:AAHt7s941la_dnoqFRCo1luURaIXxvPMXwY/sendMessage","path":"/bot8531840485:AAHt7s941la_dnoqFRCo1luURaIXxvPMXwY/sendMessage","href":"https://api.telegram.org/bot8531840485:AAHt7s941la_dnoqFRCo1luURaIXxvPMXwY/sendMessage"},"method":"POST","headers":{"content-type":"application/x-www-form-urlencoded","content-length":12147}}},"stack":"Error: ETELEGRAM: 400 Bad Request: message is too long\n    at C:\\Users\\zevet\\OneDrive\\Desktop\\Web\\BalanceSheet\\telegram-wallet-bot\\node_modules\\node-telegram-bot-api\\src\\telegram.js:299:15\n    at tryCatcher (C:\\Users\\zevet\\OneDrive\\Desktop\\Web\\BalanceSheet\\telegram-wallet-bot\\node_modules\\bluebird\\js\\release\\util.js:16:23)\n    at Promise._settlePromiseFromHandler (C:\\Users\\zevet\\OneDrive\\Desktop\\Web\\BalanceSheet\\telegram-wallet-bot\\node_modules\\bluebird\\js\\release\\promise.js:547:31)\n    at Promise._settlePromise (C:\\Users\\zevet\\OneDrive\\Desktop\\Web\\BalanceSheet\\telegram-wallet-bot\\node_modules\\bluebird\\js\\release\\promise.js:604:18)\n    at Promise._settlePromise0 (C:\\Users\\zevet\\OneDrive\\Desktop\\Web\\BalanceSheet\\telegram-wallet-bot\\node_modules\\bluebird\\js\\release\\promise.js:649:10)\n    at Promise._settlePromises (C:\\Users\\zevet\\OneDrive\\Desktop\\Web\\BalanceSheet\\telegram-wallet-bot\\node_modules\\bluebird\\js\\release\\promise.js:729:18)\n    at _drainQueueStep (C:\\Users\\zevet\\OneDrive\\Desktop\\Web\\BalanceSheet\\telegram-wallet-bot\\node_modules\\bluebird\\js\\release\\async.js:93:12)\n    at _drainQueue (C:\\Users\\zevet\\OneDrive\\Desktop\\Web\\BalanceSheet\\telegram-wallet-bot\\node_modules\\bluebird\\js\\release\\async.js:86:9)\n    at Async._drainQueues (C:\\Users\\zevet\\OneDrive\\Desktop\\Web\\BalanceSheet\\telegram-wallet-bot\\node_modules\\bluebird\\js\\release\\async.js:102:5)\n    at Async.drainQueues (C:\\Users\\zevet\\OneDrive\\Desktop\\Web\\BalanceSheet\\telegram-wallet-bot\\node_modules\\bluebird\\js\\release\\async.js:15:14)\n    at process.processImmediate (node:internal/timers:485:21)"}
[2026-08-29 10:40:40] INFO: 🤖 Bot de Wallet iniciado correctamente
[2026-08-29 10:40:40] INFO: 🚀 Bot iniciado. Esperando mensajes...
[2026-08-29 10:40:40] INFO: 📱 Bot: @8531840485
[2026-08-29 12:43:00] ERROR: Error en handleList: Proxy: timeout of 30000ms exceeded {"stack":"Error: Proxy: timeout of 30000ms exceeded\n    at WalletAPI.requestViaProxy (C:\\Users\\zevet\\OneDrive\\Desktop\\Web\\BalanceSheet\\telegram-wallet-bot\\wallet-api.js:53:19)\n    at process.processTicksAndRejections (node:internal/process/task_queues:105:5)\n    at async WalletAPI.getTransactions (C:\\Users\\zevet\\OneDrive\\Desktop\\Web\\BalanceSheet\\telegram-wallet-bot\\wallet-api.js:280:22)\n    at async WalletBot.handleList (C:\\Users\\zevet\\OneDrive\\Desktop\\Web\\BalanceSheet\\telegram-wallet-bot\\bot.js:355:34)"}
[2026-08-29 12:46:13] ERROR: Error en handleList: Proxy: timeout of 30000ms exceeded {"stack":"Error: Proxy: timeout of 30000ms exceeded\n    at WalletAPI.requestViaProxy (C:\\Users\\zevet\\OneDrive\\Desktop\\Web\\BalanceSheet\\telegram-wallet-bot\\wallet-api.js:53:19)\n    at process.processTicksAndRejections (node:internal/process/task_queues:105:5)\n    at async WalletAPI.getTransactions (C:\\Users\\zevet\\OneDrive\\Desktop\\Web\\BalanceSheet\\telegram-wallet-bot\\wallet-api.js:280:22)\n    at async WalletBot.handleList (C:\\Users\\zevet\\OneDrive\\Desktop\\Web\\BalanceSheet\\telegram-wallet-bot\\bot.js:355:34)"}
[2026-08-29 12:47:22] ERROR: Error en handleList: Proxy: timeout of 30000ms exceeded {"stack":"Error: Proxy: timeout of 30000ms exceeded\n    at WalletAPI.requestViaProxy (C:\\Users\\zevet\\OneDrive\\Desktop\\Web\\BalanceSheet\\telegram-wallet-bot\\wallet-api.js:53:19)\n    at process.processTicksAndRejections (node:internal/process/task_queues:105:5)\n    at async WalletAPI.getTransactions (C:\\Users\\zevet\\OneDrive\\Desktop\\Web\\BalanceSheet\\telegram-wallet-bot\\wallet-api.js:280:22)\n    at async WalletBot.handleList (C:\\Users\\zevet\\OneDrive\\Desktop\\Web\\BalanceSheet\\telegram-wallet-bot\\bot.js:355:34)"}
[2026-08-29 12:54:47] INFO: 🚀 Bot iniciado. Esperando mensajes...
[2026-08-29 12:54:47] INFO: 📱 Bot: @8531840485
[2026-08-29 12:54:48] INFO: 🚀 Bot iniciado. Esperando mensajes...
[2026-08-29 12:54:48] INFO: 📱 Bot: @8531840485
[2026-08-29 12:54:51] INFO: 🚀 Bot iniciado. Esperando mensajes...
[2026-08-29 12:54:51] INFO: 📱 Bot: @8531840485
[2026-08-29 12:54:54] INFO: 🚀 Bot iniciado. Esperando mensajes...
[2026-08-29 12:54:54] INFO: 📱 Bot: @8531840485
[2026-08-29 12:54:57] INFO: 🚀 Bot iniciado. Esperando mensajes...
[2026-08-29 12:54:57] INFO: 📱 Bot: @8531840485
[2026-08-29 12:55:00] INFO: 🚀 Bot iniciado. Esperando mensajes...
[2026-08-29 12:55:00] INFO: 📱 Bot: @8531840485
[2026-08-29 12:55:04] INFO: 🚀 Bot iniciado. Esperando mensajes...
[2026-08-29 12:55:04] INFO: 📱 Bot: @8531840485
[2026-08-29 12:55:07] INFO: 🚀 Bot iniciado. Esperando mensajes...
[2026-08-29 12:55:07] INFO: 📱 Bot: @8531840485
[2026-08-29 12:55:10] INFO: 🚀 Bot iniciado. Esperando mensajes...
[2026-08-29 12:55:10] INFO: 📱 Bot: @8531840485
[2026-08-29 12:55:13] INFO: 🚀 Bot iniciado. Esperando mensajes...
[2026-08-29 12:55:13] INFO: 📱 Bot: @8531840485
[2026-08-29 12:55:16] INFO: 🚀 Bot iniciado. Esperando mensajes...
[2026-08-29 12:55:16] INFO: 📱 Bot: @8531840485
[2026-08-29 12:55:19] INFO: 🚀 Bot iniciado. Esperando mensajes...
[2026-08-29 12:55:19] INFO: 📱 Bot: @8531840485
[2026-08-29 12:55:22] INFO: 🚀 Bot iniciado. Esperando mensajes...
[2026-08-29 12:55:22] INFO: 📱 Bot: @8531840485
[2026-08-29 12:55:25] INFO: 🚀 Bot iniciado. Esperando mensajes...
[2026-08-29 12:55:25] INFO: 📱 Bot: @8531840485
[2026-08-29 12:55:29] INFO: 🚀 Bot iniciado. Esperando mensajes...
[2026-08-29 12:55:29] INFO: 📱 Bot: @8531840485
[2026-08-29 12:55:32] INFO: 🚀 Bot iniciado. Esperando mensajes...
[2026-08-29 12:55:32] INFO: 📱 Bot: @8531840485
[2026-08-29 12:55:35] INFO: 🚀 Bot iniciado. Esperando mensajes...
[2026-08-29 12:55:35] INFO: 📱 Bot: @8531840485
[2026-08-29 12:55:38] INFO: 🚀 Bot iniciado. Esperando mensajes...
[2026-08-29 12:55:38] INFO: 📱 Bot: @8531840485
[2026-08-29 12:55:41] INFO: 🚀 Bot iniciado. Esperando mensajes...
[2026-08-29 12:55:41] INFO: 📱 Bot: @8531840485
[2026-08-29 12:55:44] INFO: 🚀 Bot iniciado. Esperando mensajes...
[2026-08-29 12:55:44] INFO: 📱 Bot: @8531840485
[2026-08-29 12:55:47] INFO: 🚀 Bot iniciado. Esperando mensajes...
[2026-08-29 12:55:47] INFO: 📱 Bot: @8531840485
[2026-08-29 12:55:50] INFO: 🚀 Bot iniciado. Esperando mensajes...
[2026-08-29 12:55:50] INFO: 📱 Bot: @8531840485
[2026-08-29 12:55:53] INFO: 🚀 Bot iniciado. Esperando mensajes...
[2026-08-29 12:55:53] INFO: 📱 Bot: @8531840485
[2026-08-29 12:55:57] INFO: 🚀 Bot iniciado. Esperando mensajes...
[2026-08-29 12:55:57] INFO: 📱 Bot: @8531840485
[2026-08-29 12:56:00] INFO: 🚀 Bot iniciado. Esperando mensajes...
[2026-08-29 12:56:00] INFO: 📱 Bot: @8531840485
[2026-08-29 12:56:03] INFO: 🚀 Bot iniciado. Esperando mensajes...
[2026-08-29 12:56:03] INFO: 📱 Bot: @8531840485
[2026-08-29 12:56:06] INFO: 🚀 Bot iniciado. Esperando mensajes...
[2026-08-29 12:56:06] INFO: 📱 Bot: @8531840485
[2026-08-29 12:56:09] INFO: 🚀 Bot iniciado. Esperando mensajes...
[2026-08-29 12:56:09] INFO: 📱 Bot: @8531840485
[2026-08-29 12:56:12] INFO: 🚀 Bot iniciado. Esperando mensajes...
[2026-08-29 12:56:12] INFO: 📱 Bot: @8531840485
[2026-08-29 12:56:15] INFO: 🚀 Bot iniciado. Esperando mensajes...
[2026-08-29 12:56:15] INFO: 📱 Bot: @8531840485
[2026-08-29 12:56:18] INFO: 🚀 Bot iniciado. Esperando mensajes...
[2026-08-29 12:56:18] INFO: 📱 Bot: @8531840485
[2026-08-29 12:56:22] INFO: 🚀 Bot iniciado. Esperando mensajes...
[2026-08-29 12:56:22] INFO: 📱 Bot: @8531840485
[2026-08-29 12:56:25] INFO: 🚀 Bot iniciado. Esperando mensajes...
[2026-08-29 12:56:25] INFO: 📱 Bot: @8531840485
[2026-08-29 12:56:28] INFO: 🚀 Bot iniciado. Esperando mensajes...
[2026-08-29 12:56:28] INFO: 📱 Bot: @8531840485
[2026-08-29 12:56:31] INFO: 🚀 Bot iniciado. Esperando mensajes...
[2026-08-29 12:56:31] INFO: 📱 Bot: @8531840485
[2026-08-29 12:56:34] INFO: 🤖 Bot de Wallet iniciado correctamente
[2026-08-29 12:56:34] INFO: 🚀 Bot iniciado. Esperando mensajes...
[2026-08-29 12:56:34] INFO: 📱 Bot: @8531840485
[2026-08-29 12:56:35] ERROR: Error en handleList: API (404): {"message":"no Route matched with those values"} {"stack":"Error: API (404): {\"message\":\"no Route matched with those values\"}\n    at WalletAPI.request (C:\\Users\\zevet\\OneDrive\\Desktop\\Web\\BalanceSheet\\telegram-wallet-bot\\wallet-api.js:40:23)\n    at process.processTicksAndRejections (node:internal/process/task_queues:105:5)\n    at async WalletAPI.getTransactions (C:\\Users\\zevet\\OneDrive\\Desktop\\Web\\BalanceSheet\\telegram-wallet-bot\\wallet-api.js:271:22)\n    at async WalletBot.handleList (C:\\Users\\zevet\\OneDrive\\Desktop\\Web\\BalanceSheet\\telegram-wallet-bot\\bot.js:355:34)"}
[2026-08-29 12:57:46] INFO: 🤖 Bot de Wallet iniciado correctamente
[2026-08-29 12:57:46] INFO: 🚀 Bot iniciado. Esperando mensajes...
[2026-08-29 12:57:46] INFO: 📱 Bot: @8531840485
[2026-08-29 12:57:54] ERROR: Error en handleList: API (404): {"message":"no Route matched with those values"} {"stack":"Error: API (404): {\"message\":\"no Route matched with those values\"}\n    at WalletAPI.request (C:\\Users\\zevet\\OneDrive\\Desktop\\Web\\BalanceSheet\\telegram-wallet-bot\\wallet-api.js:40:23)\n    at process.processTicksAndRejections (node:internal/process/task_queues:105:5)\n    at async WalletAPI.getTransactions (C:\\Users\\zevet\\OneDrive\\Desktop\\Web\\BalanceSheet\\telegram-wallet-bot\\wallet-api.js:271:22)\n    at async WalletBot.handleList (C:\\Users\\zevet\\OneDrive\\Desktop\\Web\\BalanceSheet\\telegram-wallet-bot\\bot.js:354:34)"}
[2026-08-29 13:01:59] INFO: 🤖 Bot de Wallet iniciado correctamente
[2026-08-29 13:01:59] INFO: 🚀 Bot iniciado. Esperando mensajes...
[2026-08-29 13:01:59] INFO: 📱 Bot: @8531840485
[2026-08-29 13:02:04] ERROR: Error en handleList: API (404): {"message":"no Route matched with those values"} {"stack":"Error: API (404): {\"message\":\"no Route matched with those values\"}\n    at WalletAPI.request (C:\\Users\\zevet\\OneDrive\\Desktop\\Web\\BalanceSheet\\telegram-wallet-bot\\wallet-api.js:42:23)\n    at process.processTicksAndRejections (node:internal/process/task_queues:105:5)\n    at async WalletAPI.getTransactions (C:\\Users\\zevet\\OneDrive\\Desktop\\Web\\BalanceSheet\\telegram-wallet-bot\\wallet-api.js:208:22)\n    at async WalletBot.handleList (C:\\Users\\zevet\\OneDrive\\Desktop\\Web\\BalanceSheet\\telegram-wallet-bot\\bot.js:354:34)"}
[2026-08-29 13:09:23] INFO: 🤖 Bot de Wallet iniciado correctamente
[2026-08-29 13:09:23] INFO: 🚀 Bot iniciado. Esperando mensajes...
[2026-08-29 13:09:23] INFO: 📱 Bot: @8531840485
[2026-08-29 13:09:29] ERROR: Error en handleList: this.wallet.getRecentTransactions is not a function {"stack":"TypeError: this.wallet.getRecentTransactions is not a function\n    at WalletBot.handleList (C:\\Users\\zevet\\OneDrive\\Desktop\\Web\\BalanceSheet\\telegram-wallet-bot\\bot.js:354:52)\n    at Object.callback (C:\\Users\\zevet\\OneDrive\\Desktop\\Web\\BalanceSheet\\telegram-wallet-bot\\bot.js:21:49)\n    at C:\\Users\\zevet\\OneDrive\\Desktop\\Web\\BalanceSheet\\telegram-wallet-bot\\node_modules\\node-telegram-bot-api\\src\\telegram.js:696:15\n    at Array.some (<anonymous>)\n    at TelegramBot.processUpdate (C:\\Users\\zevet\\OneDrive\\Desktop\\Web\\BalanceSheet\\telegram-wallet-bot\\node_modules\\node-telegram-bot-api\\src\\telegram.js:687:35)\n    at C:\\Users\\zevet\\OneDrive\\Desktop\\Web\\BalanceSheet\\telegram-wallet-bot\\node_modules\\node-telegram-bot-api\\src\\telegramPolling.js:110:22\n    at Array.forEach (<anonymous>)\n    at C:\\Users\\zevet\\OneDrive\\Desktop\\Web\\BalanceSheet\\telegram-wallet-bot\\node_modules\\node-telegram-bot-api\\src\\telegramPolling.js:106:17\n    at tryCatcher (C:\\Users\\zevet\\OneDrive\\Desktop\\Web\\BalanceSheet\\telegram-wallet-bot\\node_modules\\bluebird\\js\\release\\util.js:16:23)\n    at Promise._settlePromiseFromHandler (C:\\Users\\zevet\\OneDrive\\Desktop\\Web\\BalanceSheet\\telegram-wallet-bot\\node_modules\\bluebird\\js\\release\\promise.js:547:31)\n    at Promise._settlePromise (C:\\Users\\zevet\\OneDrive\\Desktop\\Web\\BalanceSheet\\telegram-wallet-bot\\node_modules\\bluebird\\js\\release\\promise.js:604:18)\n    at Promise._settlePromise0 (C:\\Users\\zevet\\OneDrive\\Desktop\\Web\\BalanceSheet\\telegram-wallet-bot\\node_modules\\bluebird\\js\\release\\promise.js:649:10)\n    at Promise._settlePromises (C:\\Users\\zevet\\OneDrive\\Desktop\\Web\\BalanceSheet\\telegram-wallet-bot\\node_modules\\bluebird\\js\\release\\promise.js:729:18)\n    at _drainQueueStep (C:\\Users\\zevet\\OneDrive\\Desktop\\Web\\BalanceSheet\\telegram-wallet-bot\\node_modules\\bluebird\\js\\release\\async.js:93:12)\n    at _drainQueue (C:\\Users\\zevet\\OneDrive\\Desktop\\Web\\BalanceSheet\\telegram-wallet-bot\\node_modules\\bluebird\\js\\release\\async.js:86:9)\n    at Async._drainQueues (C:\\Users\\zevet\\OneDrive\\Desktop\\Web\\BalanceSheet\\telegram-wallet-bot\\node_modules\\bluebird\\js\\release\\async.js:102:5)\n    at Async.drainQueues [as _onImmediate] (C:\\Users\\zevet\\OneDrive\\Desktop\\Web\\BalanceSheet\\telegram-wallet-bot\\node_modules\\bluebird\\js\\release\\async.js:15:14)\n    at process.processImmediate (node:internal/timers:485:21)"}
[2026-08-29 13:10:43] INFO: 🤖 Bot de Wallet iniciado correctamente
[2026-08-29 13:10:43] INFO: 🚀 Bot iniciado. Esperando mensajes...
[2026-08-29 13:10:43] INFO: 📱 Bot: @8531840485
[2026-08-29 13:11:13] ERROR: Error en handleList: this.wallet.getRecentTransactions is not a function {"stack":"TypeError: this.wallet.getRecentTransactions is not a function\n    at WalletBot.handleList (C:\\Users\\zevet\\OneDrive\\Desktop\\Web\\BalanceSheet\\telegram-wallet-bot\\bot.js:354:52)\n    at Object.callback (C:\\Users\\zevet\\OneDrive\\Desktop\\Web\\BalanceSheet\\telegram-wallet-bot\\bot.js:21:49)\n    at C:\\Users\\zevet\\OneDrive\\Desktop\\Web\\BalanceSheet\\telegram-wallet-bot\\node_modules\\node-telegram-bot-api\\src\\telegram.js:696:15\n    at Array.some (<anonymous>)\n    at TelegramBot.processUpdate (C:\\Users\\zevet\\OneDrive\\Desktop\\Web\\BalanceSheet\\telegram-wallet-bot\\node_modules\\node-telegram-bot-api\\src\\telegram.js:687:35)\n    at C:\\Users\\zevet\\OneDrive\\Desktop\\Web\\BalanceSheet\\telegram-wallet-bot\\node_modules\\node-telegram-bot-api\\src\\telegramPolling.js:110:22\n    at Array.forEach (<anonymous>)\n    at C:\\Users\\zevet\\OneDrive\\Desktop\\Web\\BalanceSheet\\telegram-wallet-bot\\node_modules\\node-telegram-bot-api\\src\\telegramPolling.js:106:17\n    at tryCatcher (C:\\Users\\zevet\\OneDrive\\Desktop\\Web\\BalanceSheet\\telegram-wallet-bot\\node_modules\\bluebird\\js\\release\\util.js:16:23)\n    at Promise._settlePromiseFromHandler (C:\\Users\\zevet\\OneDrive\\Desktop\\Web\\BalanceSheet\\telegram-wallet-bot\\node_modules\\bluebird\\js\\release\\promise.js:547:31)\n    at Promise._settlePromise (C:\\Users\\zevet\\OneDrive\\Desktop\\Web\\BalanceSheet\\telegram-wallet-bot\\node_modules\\bluebird\\js\\release\\promise.js:604:18)\n    at Promise._settlePromise0 (C:\\Users\\zevet\\OneDrive\\Desktop\\Web\\BalanceSheet\\telegram-wallet-bot\\node_modules\\bluebird\\js\\release\\promise.js:649:10)\n    at Promise._settlePromises (C:\\Users\\zevet\\OneDrive\\Desktop\\Web\\BalanceSheet\\telegram-wallet-bot\\node_modules\\bluebird\\js\\release\\promise.js:729:18)\n    at _drainQueueStep (C:\\Users\\zevet\\OneDrive\\Desktop\\Web\\BalanceSheet\\telegram-wallet-bot\\node_modules\\bluebird\\js\\release\\async.js:93:12)\n    at _drainQueue (C:\\Users\\zevet\\OneDrive\\Desktop\\Web\\BalanceSheet\\telegram-wallet-bot\\node_modules\\bluebird\\js\\release\\async.js:86:9)\n    at Async._drainQueues (C:\\Users\\zevet\\OneDrive\\Desktop\\Web\\BalanceSheet\\telegram-wallet-bot\\node_modules\\bluebird\\js\\release\\async.js:102:5)\n    at Async.drainQueues [as _onImmediate] (C:\\Users\\zevet\\OneDrive\\Desktop\\Web\\BalanceSheet\\telegram-wallet-bot\\node_modules\\bluebird\\js\\release\\async.js:15:14)\n    at process.processImmediate (node:internal/timers:485:21)"}
[2026-08-29 13:13:12] INFO: 🤖 Bot de Wallet iniciado correctamente
[2026-08-29 13:13:12] INFO: 🚀 Bot iniciado. Esperando mensajes...
[2026-08-29 13:13:12] INFO: 📱 Bot: @8531840485
[2026-08-29 13:13:46] ERROR: Error en handleList: API (404): {"message":"no Route matched with those values"} {"stack":"Error: API (404): {\"message\":\"no Route matched with those values\"}\n    at WalletAPI.request (C:\\Users\\zevet\\OneDrive\\Desktop\\Web\\BalanceSheet\\telegram-wallet-bot\\wallet-api.js:42:23)\n    at process.processTicksAndRejections (node:internal/process/task_queues:105:5)\n    at async WalletAPI.getTransactions (C:\\Users\\zevet\\OneDrive\\Desktop\\Web\\BalanceSheet\\telegram-wallet-bot\\wallet-api.js:247:22)\n    at async WalletBot.handleList (C:\\Users\\zevet\\OneDrive\\Desktop\\Web\\BalanceSheet\\telegram-wallet-bot\\bot.js:354:34)"}
[2026-08-29 13:15:35] INFO: 🤖 Bot de Wallet iniciado correctamente
[2026-08-29 13:15:35] INFO: 🚀 Bot iniciado. Esperando mensajes...
[2026-08-29 13:15:35] INFO: 📱 Bot: @8531840485
[2026-08-29 13:15:43] ERROR: Error en handleList: API (404): {"message":"no Route matched with those values"} {"stack":"Error: API (404): {\"message\":\"no Route matched with those values\"}\n    at WalletAPI.request (C:\\Users\\zevet\\OneDrive\\Desktop\\Web\\BalanceSheet\\telegram-wallet-bot\\wallet-api.js:42:23)\n    at process.processTicksAndRejections (node:internal/process/task_queues:105:5)\n    at async WalletAPI.getTransactions (C:\\Users\\zevet\\OneDrive\\Desktop\\Web\\BalanceSheet\\telegram-wallet-bot\\wallet-api.js:247:22)\n    at async WalletBot.handleList (C:\\Users\\zevet\\OneDrive\\Desktop\\Web\\BalanceSheet\\telegram-wallet-bot\\bot.js:354:34)"}
[2026-08-29 13:16:24] ERROR: Error en handleAccounts: API (404): {"message":"no Route matched with those values"} {"stack":"Error: API (404): {\"message\":\"no Route matched with those values\"}\n    at WalletAPI.request (C:\\Users\\zevet\\OneDrive\\Desktop\\Web\\BalanceSheet\\telegram-wallet-bot\\wallet-api.js:42:23)\n    at process.processTicksAndRejections (node:internal/process/task_queues:105:5)\n    at async WalletAPI.getAccounts (C:\\Users\\zevet\\OneDrive\\Desktop\\Web\\BalanceSheet\\telegram-wallet-bot\\wallet-api.js:103:26)\n    at async WalletBot.handleAccounts (C:\\Users\\zevet\\OneDrive\\Desktop\\Web\\BalanceSheet\\telegram-wallet-bot\\bot.js:426:30)"}
[2026-08-29 13:16:34] INFO: 🤖 Bot de Wallet iniciado correctamente
[2026-08-29 13:16:34] INFO: 🚀 Bot iniciado. Esperando mensajes...
[2026-08-29 13:16:34] INFO: 📱 Bot: @8531840485
[2026-08-29 13:16:39] ERROR: Error en handleAccounts: API (404): {"message":"no Route matched with those values"} {"stack":"Error: API (404): {\"message\":\"no Route matched with those values\"}\n    at WalletAPI.request (C:\\Users\\zevet\\OneDrive\\Desktop\\Web\\BalanceSheet\\telegram-wallet-bot\\wallet-api.js:42:23)\n    at process.processTicksAndRejections (node:internal/process/task_queues:105:5)\n    at async WalletAPI.getAccounts (C:\\Users\\zevet\\OneDrive\\Desktop\\Web\\BalanceSheet\\telegram-wallet-bot\\wallet-api.js:103:26)\n    at async WalletBot.handleAccounts (C:\\Users\\zevet\\OneDrive\\Desktop\\Web\\BalanceSheet\\telegram-wallet-bot\\bot.js:426:30)"}
[2026-08-29 13:26:32] INFO: 🚀 Bot iniciado. Esperando mensajes...
[2026-08-29 13:26:32] INFO: 📱 Bot: @8531840485
[2026-08-29 13:26:35] INFO: 🚀 Bot iniciado. Esperando mensajes...
[2026-08-29 13:26:35] INFO: 📱 Bot: @8531840485
[2026-08-29 13:26:38] INFO: 🚀 Bot iniciado. Esperando mensajes...
[2026-08-29 13:26:38] INFO: 📱 Bot: @8531840485
[2026-08-29 13:26:41] INFO: 🚀 Bot iniciado. Esperando mensajes...
[2026-08-29 13:26:41] INFO: 📱 Bot: @8531840485
[2026-08-29 13:26:44] INFO: 🚀 Bot iniciado. Esperando mensajes...
[2026-08-29 13:26:44] INFO: 📱 Bot: @8531840485
[2026-08-29 13:26:47] INFO: 🚀 Bot iniciado. Esperando mensajes...
[2026-08-29 13:26:47] INFO: 📱 Bot: @8531840485
[2026-08-29 13:26:50] INFO: 🚀 Bot iniciado. Esperando mensajes...
[2026-08-29 13:26:50] INFO: 📱 Bot: @8531840485
[2026-08-29 13:26:54] INFO: 🚀 Bot iniciado. Esperando mensajes...
[2026-08-29 13:26:54] INFO: 📱 Bot: @8531840485
[2026-08-29 13:26:57] INFO: 🚀 Bot iniciado. Esperando mensajes...
[2026-08-29 13:26:57] INFO: 📱 Bot: @8531840485
[2026-08-29 13:27:00] INFO: 🚀 Bot iniciado. Esperando mensajes...
[2026-08-29 13:27:00] INFO: 📱 Bot: @8531840485
[2026-08-29 13:27:03] INFO: 🚀 Bot iniciado. Esperando mensajes...
[2026-08-29 13:27:03] INFO: 📱 Bot: @8531840485
[2026-08-29 13:27:06] INFO: 🚀 Bot iniciado. Esperando mensajes...
[2026-08-29 13:27:06] INFO: 📱 Bot: @8531840485
[2026-08-29 13:27:09] INFO: 🚀 Bot iniciado. Esperando mensajes...
[2026-08-29 13:27:09] INFO: 📱 Bot: @8531840485
[2026-08-29 13:27:12] INFO: 🚀 Bot iniciado. Esperando mensajes...
[2026-08-29 13:27:12] INFO: 📱 Bot: @8531840485
[2026-08-29 13:27:15] INFO: 🚀 Bot iniciado. Esperando mensajes...
[2026-08-29 13:27:15] INFO: 📱 Bot: @8531840485
[2026-08-29 13:27:18] INFO: 🚀 Bot iniciado. Esperando mensajes...
[2026-08-29 13:27:18] INFO: 📱 Bot: @8531840485
[2026-08-29 13:27:22] INFO: 🚀 Bot iniciado. Esperando mensajes...
[2026-08-29 13:27:22] INFO: 📱 Bot: @8531840485
[2026-08-29 13:27:25] INFO: 🚀 Bot iniciado. Esperando mensajes...
[2026-08-29 13:27:25] INFO: 📱 Bot: @8531840485
[2026-08-29 13:27:28] INFO: 🚀 Bot iniciado. Esperando mensajes...
[2026-08-29 13:27:28] INFO: 📱 Bot: @8531840485
[2026-08-29 13:27:31] INFO: 🚀 Bot iniciado. Esperando mensajes...
[2026-08-29 13:27:31] INFO: 📱 Bot: @8531840485
[2026-08-29 13:27:34] INFO: 🚀 Bot iniciado. Esperando mensajes...
[2026-08-29 13:27:34] INFO: 📱 Bot: @8531840485
[2026-08-29 13:27:37] INFO: 🚀 Bot iniciado. Esperando mensajes...
[2026-08-29 13:27:37] INFO: 📱 Bot: @8531840485
[2026-08-29 13:27:40] INFO: 🚀 Bot iniciado. Esperando mensajes...
[2026-08-29 13:27:40] INFO: 📱 Bot: @8531840485
[2026-08-29 13:27:43] INFO: 🚀 Bot iniciado. Esperando mensajes...
[2026-08-29 13:27:43] INFO: 📱 Bot: @8531840485
[2026-08-29 13:27:46] INFO: 🚀 Bot iniciado. Esperando mensajes...
[2026-08-29 13:27:46] INFO: 📱 Bot: @8531840485
[2026-08-29 13:27:50] INFO: 🚀 Bot iniciado. Esperando mensajes...
[2026-08-29 13:27:50] INFO: 📱 Bot: @8531840485
[2026-08-29 13:27:53] INFO: 🚀 Bot iniciado. Esperando mensajes...
[2026-08-29 13:27:53] INFO: 📱 Bot: @8531840485
[2026-08-29 13:27:56] INFO: 🚀 Bot iniciado. Esperando mensajes...
[2026-08-29 13:27:56] INFO: 📱 Bot: @8531840485
[2026-08-29 13:27:59] INFO: 🚀 Bot iniciado. Esperando mensajes...
[2026-08-29 13:27:59] INFO: 📱 Bot: @8531840485
[2026-08-29 13:28:02] INFO: 🚀 Bot iniciado. Esperando mensajes...
[2026-08-29 13:28:02] INFO: 📱 Bot: @8531840485
[2026-08-29 13:28:05] INFO: 🚀 Bot iniciado. Esperando mensajes...
[2026-08-29 13:28:05] INFO: 📱 Bot: @8531840485
[2026-08-29 13:28:08] INFO: 🚀 Bot iniciado. Esperando mensajes...
[2026-08-29 13:28:08] INFO: 📱 Bot: @8531840485
[2026-08-29 13:28:11] INFO: 🚀 Bot iniciado. Esperando mensajes...
[2026-08-29 13:28:11] INFO: 📱 Bot: @8531840485
[2026-08-29 13:28:15] INFO: 🚀 Bot iniciado. Esperando mensajes...
[2026-08-29 13:28:15] INFO: 📱 Bot: @8531840485
[2026-08-29 13:28:18] INFO: 🚀 Bot iniciado. Esperando mensajes...
[2026-08-29 13:28:18] INFO: 📱 Bot: @8531840485
[2026-08-29 13:28:21] INFO: 🚀 Bot iniciado. Esperando mensajes...
[2026-08-29 13:28:21] INFO: 📱 Bot: @8531840485
[2026-08-29 13:28:24] INFO: 🚀 Bot iniciado. Esperando mensajes...
[2026-08-29 13:28:24] INFO: 📱 Bot: @8531840485
[2026-08-29 13:28:27] INFO: 🚀 Bot iniciado. Esperando mensajes...
[2026-08-29 13:28:27] INFO: 📱 Bot: @8531840485
[2026-08-29 13:28:30] INFO: 🚀 Bot iniciado. Esperando mensajes...
[2026-08-29 13:28:30] INFO: 📱 Bot: @8531840485
[2026-08-29 13:28:33] INFO: 🚀 Bot iniciado. Esperando mensajes...
[2026-08-29 13:28:33] INFO: 📱 Bot: @8531840485
[2026-08-29 13:28:36] INFO: 🚀 Bot iniciado. Esperando mensajes...
[2026-08-29 13:28:36] INFO: 📱 Bot: @8531840485
[2026-08-29 13:28:39] INFO: 🚀 Bot iniciado. Esperando mensajes...
[2026-08-29 13:28:39] INFO: 📱 Bot: @8531840485
[2026-08-29 13:28:42] INFO: 🚀 Bot iniciado. Esperando mensajes...
[2026-08-29 13:28:42] INFO: 📱 Bot: @8531840485
[2026-08-29 13:28:44] INFO: 🚀 Bot iniciado. Esperando mensajes...
[2026-08-29 13:28:44] INFO: 📱 Bot: @8531840485
[2026-08-29 13:28:48] INFO: 🚀 Bot iniciado. Esperando mensajes...
[2026-08-29 13:28:48] INFO: 📱 Bot: @8531840485
[2026-08-29 13:28:51] INFO: 🚀 Bot iniciado. Esperando mensajes...
[2026-08-29 13:28:51] INFO: 📱 Bot: @8531840485
[2026-08-29 13:28:54] INFO: 🚀 Bot iniciado. Esperando mensajes...
[2026-08-29 13:28:54] INFO: 📱 Bot: @8531840485
[2026-08-29 13:28:57] INFO: 🚀 Bot iniciado. Esperando mensajes...
[2026-08-29 13:28:57] INFO: 📱 Bot: @8531840485
[2026-08-29 13:29:00] INFO: 🚀 Bot iniciado. Esperando mensajes...
[2026-08-29 13:29:00] INFO: 📱 Bot: @8531840485
[2026-08-29 13:29:03] INFO: 🚀 Bot iniciado. Esperando mensajes...
[2026-08-29 13:29:03] INFO: 📱 Bot: @8531840485
[2026-08-29 13:29:06] INFO: 🚀 Bot iniciado. Esperando mensajes...
[2026-08-29 13:29:06] INFO: 📱 Bot: @8531840485
[2026-08-29 13:29:09] INFO: 🚀 Bot iniciado. Esperando mensajes...
[2026-08-29 13:29:09] INFO: 📱 Bot: @8531840485
[2026-08-29 13:29:13] INFO: 🚀 Bot iniciado. Esperando mensajes...
[2026-08-29 13:29:13] INFO: 📱 Bot: @8531840485
[2026-08-29 13:29:16] INFO: 🚀 Bot iniciado. Esperando mensajes...
[2026-08-29 13:29:16] INFO: 📱 Bot: @8531840485
[2026-08-29 13:29:19] INFO: 🚀 Bot iniciado. Esperando mensajes...
[2026-08-29 13:29:19] INFO: 📱 Bot: @8531840485
[2026-08-29 13:29:22] INFO: 🚀 Bot iniciado. Esperando mensajes...
[2026-08-29 13:29:22] INFO: 📱 Bot: @8531840485
[2026-08-29 13:29:25] INFO: 🚀 Bot iniciado. Esperando mensajes...
[2026-08-29 13:29:25] INFO: 📱 Bot: @8531840485
[2026-08-29 13:29:28] INFO: 🚀 Bot iniciado. Esperando mensajes...
[2026-08-29 13:29:28] INFO: 📱 Bot: @8531840485
[2026-08-29 13:29:31] INFO: 🚀 Bot iniciado. Esperando mensajes...
[2026-08-29 13:29:31] INFO: 📱 Bot: @8531840485
[2026-08-29 13:29:34] INFO: 🚀 Bot iniciado. Esperando mensajes...
[2026-08-29 13:29:34] INFO: 📱 Bot: @8531840485
[2026-08-29 13:29:38] INFO: 🚀 Bot iniciado. Esperando mensajes...
[2026-08-29 13:29:38] INFO: 📱 Bot: @8531840485
[2026-08-29 13:29:41] INFO: 🚀 Bot iniciado. Esperando mensajes...
[2026-08-29 13:29:41] INFO: 📱 Bot: @8531840485
[2026-08-29 13:29:44] INFO: 🚀 Bot iniciado. Esperando mensajes...
[2026-08-29 13:29:44] INFO: 📱 Bot: @8531840485
[2026-08-29 13:29:47] INFO: 🚀 Bot iniciado. Esperando mensajes...
[2026-08-29 13:29:47] INFO: 📱 Bot: @8531840485
[2026-08-29 13:29:50] INFO: 🚀 Bot iniciado. Esperando mensajes...
[2026-08-29 13:29:50] INFO: 📱 Bot: @8531840485
[2026-08-29 13:29:53] INFO: 🚀 Bot iniciado. Esperando mensajes...
[2026-08-29 13:29:53] INFO: 📱 Bot: @8531840485
[2026-08-29 13:29:56] INFO: 🚀 Bot iniciado. Esperando mensajes...
[2026-08-29 13:29:56] INFO: 📱 Bot: @8531840485
[2026-08-29 13:29:59] INFO: 🚀 Bot iniciado. Esperando mensajes...
[2026-08-29 13:29:59] INFO: 📱 Bot: @8531840485
[2026-08-29 13:30:02] INFO: 🚀 Bot iniciado. Esperando mensajes...
[2026-08-29 13:30:02] INFO: 📱 Bot: @8531840485
[2026-08-29 13:30:06] INFO: 🚀 Bot iniciado. Esperando mensajes...
[2026-08-29 13:30:06] INFO: 📱 Bot: @8531840485
[2026-08-29 13:30:09] INFO: 🚀 Bot iniciado. Esperando mensajes...
[2026-08-29 13:30:09] INFO: 📱 Bot: @8531840485
[2026-08-29 13:30:12] INFO: 🚀 Bot iniciado. Esperando mensajes...
[2026-08-29 13:30:12] INFO: 📱 Bot: @8531840485
[2026-08-29 13:30:15] INFO: 🚀 Bot iniciado. Esperando mensajes...
[2026-08-29 13:30:15] INFO: 📱 Bot: @8531840485
[2026-08-29 13:30:18] INFO: 🚀 Bot iniciado. Esperando mensajes...
[2026-08-29 13:30:18] INFO: 📱 Bot: @8531840485
[2026-08-29 13:30:21] INFO: 🚀 Bot iniciado. Esperando mensajes...
[2026-08-29 13:30:21] INFO: 📱 Bot: @8531840485
[2026-08-29 13:30:24] INFO: 🚀 Bot iniciado. Esperando mensajes...
[2026-08-29 13:30:24] INFO: 📱 Bot: @8531840485
[2026-08-29 13:30:27] INFO: 🚀 Bot iniciado. Esperando mensajes...
[2026-08-29 13:30:27] INFO: 📱 Bot: @8531840485
[2026-08-29 13:30:30] INFO: 🚀 Bot iniciado. Esperando mensajes...
[2026-08-29 13:30:30] INFO: 📱 Bot: @8531840485
[2026-08-29 13:30:34] INFO: 🚀 Bot iniciado. Esperando mensajes...
[2026-08-29 13:30:34] INFO: 📱 Bot: @8531840485
[2026-08-29 13:30:37] INFO: 🚀 Bot iniciado. Esperando mensajes...
[2026-08-29 13:30:37] INFO: 📱 Bot: @8531840485
[2026-08-29 13:30:40] INFO: 🚀 Bot iniciado. Esperando mensajes...
[2026-08-29 13:30:40] INFO: 📱 Bot: @8531840485
[2026-08-29 13:30:43] INFO: 🚀 Bot iniciado. Esperando mensajes...
[2026-08-29 13:30:43] INFO: 📱 Bot: @8531840485
[2026-08-29 13:30:50] INFO: 🚀 Bot iniciado. Esperando mensajes...
[2026-08-29 13:30:50] INFO: 📱 Bot: @8531840485
[2026-08-29 13:30:53] INFO: 🚀 Bot iniciado. Esperando mensajes...
[2026-08-29 13:30:53] INFO: 📱 Bot: @8531840485
[2026-08-29 13:30:56] INFO: 🚀 Bot iniciado. Esperando mensajes...
[2026-08-29 13:30:56] INFO: 📱 Bot: @8531840485
[2026-08-29 13:30:59] INFO: 🚀 Bot iniciado. Esperando mensajes...
[2026-08-29 13:30:59] INFO: 📱 Bot: @8531840485
[2026-08-29 13:31:02] INFO: 🚀 Bot iniciado. Esperando mensajes...
[2026-08-29 13:31:02] INFO: 📱 Bot: @8531840485
[2026-08-29 13:31:06] INFO: 🚀 Bot iniciado. Esperando mensajes...
[2026-08-29 13:31:06] INFO: 📱 Bot: @8531840485
[2026-08-29 13:31:09] INFO: 🚀 Bot iniciado. Esperando mensajes...
[2026-08-29 13:31:09] INFO: 📱 Bot: @8531840485
[2026-08-29 13:31:12] INFO: 🚀 Bot iniciado. Esperando mensajes...
[2026-08-29 13:31:12] INFO: 📱 Bot: @8531840485
[2026-08-29 13:31:15] INFO: 🚀 Bot iniciado. Esperando mensajes...
[2026-08-29 13:31:15] INFO: 📱 Bot: @8531840485
[2026-08-29 13:31:18] INFO: 🚀 Bot iniciado. Esperando mensajes...
[2026-08-29 13:31:18] INFO: 📱 Bot: @8531840485
[2026-08-29 13:31:21] INFO: 🚀 Bot iniciado. Esperando mensajes...
[2026-08-29 13:31:21] INFO: 📱 Bot: @8531840485
[2026-08-29 13:31:24] INFO: 🚀 Bot iniciado. Esperando mensajes...
[2026-08-29 13:31:24] INFO: 📱 Bot: @8531840485
[2026-08-29 13:31:27] INFO: 🚀 Bot iniciado. Esperando mensajes...
[2026-08-29 13:31:27] INFO: 📱 Bot: @8531840485
[2026-08-29 13:31:30] INFO: 🚀 Bot iniciado. Esperando mensajes...
[2026-08-29 13:31:30] INFO: 📱 Bot: @8531840485
[2026-08-29 13:31:34] INFO: 🚀 Bot iniciado. Esperando mensajes...
[2026-08-29 13:31:34] INFO: 📱 Bot: @8531840485
[2026-08-29 13:31:37] INFO: 🚀 Bot iniciado. Esperando mensajes...
[2026-08-29 13:31:37] INFO: 📱 Bot: @8531840485
[2026-08-29 13:31:40] INFO: 🚀 Bot iniciado. Esperando mensajes...
[2026-08-29 13:31:40] INFO: 📱 Bot: @8531840485
[2026-08-29 13:31:43] INFO: 🚀 Bot iniciado. Esperando mensajes...
[2026-08-29 13:31:43] INFO: 📱 Bot: @8531840485
[2026-08-29 13:31:46] INFO: 🚀 Bot iniciado. Esperando mensajes...
[2026-08-29 13:31:46] INFO: 📱 Bot: @8531840485
[2026-08-29 13:31:49] INFO: 🚀 Bot iniciado. Esperando mensajes...
[2026-08-29 13:31:49] INFO: 📱 Bot: @8531840485
[2026-08-29 13:31:52] INFO: 🚀 Bot iniciado. Esperando mensajes...
[2026-08-29 13:31:52] INFO: 📱 Bot: @8531840485
[2026-08-29 13:31:55] INFO: 🚀 Bot iniciado. Esperando mensajes...
[2026-08-29 13:31:55] INFO: 📱 Bot: @8531840485
[2026-08-29 13:31:58] INFO: 🚀 Bot iniciado. Esperando mensajes...
[2026-08-29 13:31:58] INFO: 📱 Bot: @8531840485
[2026-08-29 13:32:02] INFO: 🚀 Bot iniciado. Esperando mensajes...
[2026-08-29 13:32:02] INFO: 📱 Bot: @8531840485
[2026-08-29 13:32:05] INFO: 🚀 Bot iniciado. Esperando mensajes...
[2026-08-29 13:32:05] INFO: 📱 Bot: @8531840485
[2026-08-29 13:32:08] INFO: 🚀 Bot iniciado. Esperando mensajes...
[2026-08-29 13:32:08] INFO: 📱 Bot: @8531840485
[2026-08-29 13:32:11] INFO: 🚀 Bot iniciado. Esperando mensajes...
[2026-08-29 13:32:11] INFO: 📱 Bot: @8531840485
[2026-08-29 13:32:14] INFO: 🚀 Bot iniciado. Esperando mensajes...
[2026-08-29 13:32:14] INFO: 📱 Bot: @8531840485
[2026-08-29 13:32:17] INFO: 🚀 Bot iniciado. Esperando mensajes...
[2026-08-29 13:32:17] INFO: 📱 Bot: @8531840485
[2026-08-29 13:32:20] INFO: 🚀 Bot iniciado. Esperando mensajes...
[2026-08-29 13:32:20] INFO: 📱 Bot: @8531840485
[2026-08-29 13:32:24] INFO: 🚀 Bot iniciado. Esperando mensajes...
[2026-08-29 13:32:24] INFO: 📱 Bot: @8531840485
[2026-08-29 13:32:26] INFO: 🚀 Bot iniciado. Esperando mensajes...
[2026-08-29 13:32:26] INFO: 📱 Bot: @8531840485
[2026-08-29 13:32:30] INFO: 🚀 Bot iniciado. Esperando mensajes...
[2026-08-29 13:32:30] INFO: 📱 Bot: @8531840485
[2026-08-29 13:32:33] INFO: 🚀 Bot iniciado. Esperando mensajes...
[2026-08-29 13:32:33] INFO: 📱 Bot: @8531840485
[2026-08-29 13:32:36] INFO: 🚀 Bot iniciado. Esperando mensajes...
[2026-08-29 13:32:36] INFO: 📱 Bot: @8531840485
[2026-08-29 13:32:39] INFO: 🚀 Bot iniciado. Esperando mensajes...
[2026-08-29 13:32:39] INFO: 📱 Bot: @8531840485
[2026-08-29 13:32:42] INFO: 🚀 Bot iniciado. Esperando mensajes...
[2026-08-29 13:32:42] INFO: 📱 Bot: @8531840485
[2026-08-29 13:32:45] INFO: 🚀 Bot iniciado. Esperando mensajes...
[2026-08-29 13:32:45] INFO: 📱 Bot: @8531840485
[2026-08-29 13:32:48] INFO: 🚀 Bot iniciado. Esperando mensajes...
[2026-08-29 13:32:48] INFO: 📱 Bot: @8531840485
[2026-08-29 13:32:51] INFO: 🚀 Bot iniciado. Esperando mensajes...
[2026-08-29 13:32:51] INFO: 📱 Bot: @8531840485
[2026-08-29 13:32:54] INFO: 🚀 Bot iniciado. Esperando mensajes...
[2026-08-29 13:32:54] INFO: 📱 Bot: @8531840485
[2026-08-29 13:32:58] INFO: 🚀 Bot iniciado. Esperando mensajes...
[2026-08-29 13:32:58] INFO: 📱 Bot: @8531840485
[2026-08-29 13:33:01] INFO: 🚀 Bot iniciado. Esperando mensajes...
[2026-08-29 13:33:01] INFO: 📱 Bot: @8531840485
[2026-08-29 13:33:04] INFO: 🚀 Bot iniciado. Esperando mensajes...
[2026-08-29 13:33:04] INFO: 📱 Bot: @8531840485
[2026-08-29 13:33:07] INFO: 🚀 Bot iniciado. Esperando mensajes...
[2026-08-29 13:33:07] INFO: 📱 Bot: @8531840485
[2026-08-29 13:33:10] INFO: 🚀 Bot iniciado. Esperando mensajes...
[2026-08-29 13:33:10] INFO: 📱 Bot: @8531840485
[2026-08-29 13:33:13] INFO: 🚀 Bot iniciado. Esperando mensajes...
[2026-08-29 13:33:13] INFO: 📱 Bot: @8531840485
[2026-08-29 13:33:16] INFO: 🚀 Bot iniciado. Esperando mensajes...
[2026-08-29 13:33:16] INFO: 📱 Bot: @8531840485
[2026-08-29 13:33:20] INFO: 🚀 Bot iniciado. Esperando mensajes...
[2026-08-29 13:33:20] INFO: 📱 Bot: @8531840485
[2026-08-29 13:33:23] INFO: 🚀 Bot iniciado. Esperando mensajes...
[2026-08-29 13:33:23] INFO: 📱 Bot: @8531840485
[2026-08-29 13:33:26] INFO: 🚀 Bot iniciado. Esperando mensajes...
[2026-08-29 13:33:26] INFO: 📱 Bot: @8531840485
[2026-08-29 13:33:29] INFO: 🚀 Bot iniciado. Esperando mensajes...
[2026-08-29 13:33:29] INFO: 📱 Bot: @8531840485
[2026-08-29 13:33:32] INFO: 🚀 Bot iniciado. Esperando mensajes...
[2026-08-29 13:33:32] INFO: 📱 Bot: @8531840485
[2026-08-29 13:33:35] INFO: 🚀 Bot iniciado. Esperando mensajes...
[2026-08-29 13:33:35] INFO: 📱 Bot: @8531840485
[2026-08-29 13:33:38] INFO: 🚀 Bot iniciado. Esperando mensajes...
[2026-08-29 13:33:38] INFO: 📱 Bot: @8531840485
[2026-08-29 13:33:41] INFO: 🚀 Bot iniciado. Esperando mensajes...
[2026-08-29 13:33:41] INFO: 📱 Bot: @8531840485
[2026-08-29 13:33:44] INFO: 🚀 Bot iniciado. Esperando mensajes...
[2026-08-29 13:33:44] INFO: 📱 Bot: @8531840485
[2026-08-29 13:33:48] INFO: 🚀 Bot iniciado. Esperando mensajes...
[2026-08-29 13:33:48] INFO: 📱 Bot: @8531840485
[2026-08-29 13:33:51] INFO: 🚀 Bot iniciado. Esperando mensajes...
[2026-08-29 13:33:51] INFO: 📱 Bot: @8531840485
[2026-08-29 13:33:54] INFO: 🚀 Bot iniciado. Esperando mensajes...
[2026-08-29 13:33:54] INFO: 📱 Bot: @8531840485
[2026-08-29 13:33:57] INFO: 🚀 Bot iniciado. Esperando mensajes...
[2026-08-29 13:33:57] INFO: 📱 Bot: @8531840485
[2026-08-29 13:34:00] INFO: 🚀 Bot iniciado. Esperando mensajes...
[2026-08-29 13:34:00] INFO: 📱 Bot: @8531840485
[2026-08-29 13:34:03] INFO: 🚀 Bot iniciado. Esperando mensajes...
[2026-08-29 13:34:03] INFO: 📱 Bot: @8531840485
[2026-08-29 13:34:06] INFO: 🚀 Bot iniciado. Esperando mensajes...
[2026-08-29 13:34:06] INFO: 📱 Bot: @8531840485
[2026-08-29 13:34:09] INFO: 🚀 Bot iniciado. Esperando mensajes...
[2026-08-29 13:34:09] INFO: 📱 Bot: @8531840485
[2026-08-29 13:34:12] INFO: 🚀 Bot iniciado. Esperando mensajes...
[2026-08-29 13:34:12] INFO: 📱 Bot: @8531840485
[2026-08-29 13:34:16] INFO: 🚀 Bot iniciado. Esperando mensajes...
[2026-08-29 13:34:16] INFO: 📱 Bot: @8531840485
[2026-08-29 13:34:19] INFO: 🚀 Bot iniciado. Esperando mensajes...
[2026-08-29 13:34:19] INFO: 📱 Bot: @8531840485
[2026-08-29 13:34:22] INFO: 🚀 Bot iniciado. Esperando mensajes...
[2026-08-29 13:34:22] INFO: 📱 Bot: @8531840485
[2026-08-29 13:34:25] INFO: 🚀 Bot iniciado. Esperando mensajes...
[2026-08-29 13:34:25] INFO: 📱 Bot: @8531840485
[2026-08-29 13:34:28] INFO: 🚀 Bot iniciado. Esperando mensajes...
[2026-08-29 13:34:28] INFO: 📱 Bot: @8531840485
[2026-08-29 13:34:31] INFO: 🚀 Bot iniciado. Esperando mensajes...
[2026-08-29 13:34:31] INFO: 📱 Bot: @8531840485
[2026-08-29 13:34:34] INFO: 🚀 Bot iniciado. Esperando mensajes...
[2026-08-29 13:34:34] INFO: 📱 Bot: @8531840485
[2026-08-29 13:34:37] INFO: 🚀 Bot iniciado. Esperando mensajes...
[2026-08-29 13:34:37] INFO: 📱 Bot: @8531840485
[2026-08-29 13:34:41] INFO: 🚀 Bot iniciado. Esperando mensajes...
[2026-08-29 13:34:41] INFO: 📱 Bot: @8531840485
[2026-08-29 13:34:44] INFO: 🚀 Bot iniciado. Esperando mensajes...
[2026-08-29 13:34:44] INFO: 📱 Bot: @8531840485
[2026-08-29 13:34:47] INFO: 🚀 Bot iniciado. Esperando mensajes...
[2026-08-29 13:34:47] INFO: 📱 Bot: @8531840485
[2026-08-29 13:34:50] INFO: 🚀 Bot iniciado. Esperando mensajes...
[2026-08-29 13:34:50] INFO: 📱 Bot: @8531840485
[2026-08-29 13:34:53] INFO: 🚀 Bot iniciado. Esperando mensajes...
[2026-08-29 13:34:53] INFO: 📱 Bot: @8531840485
[2026-08-29 13:34:56] INFO: 🚀 Bot iniciado. Esperando mensajes...
[2026-08-29 13:34:56] INFO: 📱 Bot: @8531840485
[2026-08-29 13:34:59] INFO: 🚀 Bot iniciado. Esperando mensajes...
[2026-08-29 13:34:59] INFO: 📱 Bot: @8531840485
[2026-08-29 13:35:02] INFO: 🚀 Bot iniciado. Esperando mensajes...
[2026-08-29 13:35:02] INFO: 📱 Bot: @8531840485
[2026-08-29 13:35:05] INFO: 🚀 Bot iniciado. Esperando mensajes...
[2026-08-29 13:35:05] INFO: 📱 Bot: @8531840485
[2026-08-29 13:35:09] INFO: 🚀 Bot iniciado. Esperando mensajes...
[2026-08-29 13:35:09] INFO: 📱 Bot: @8531840485
[2026-08-29 13:35:12] INFO: 🚀 Bot iniciado. Esperando mensajes...
[2026-08-29 13:35:12] INFO: 📱 Bot: @8531840485
[2026-08-29 13:35:15] INFO: 🚀 Bot iniciado. Esperando mensajes...
[2026-08-29 13:35:15] INFO: 📱 Bot: @8531840485
[2026-08-29 13:35:18] INFO: 🚀 Bot iniciado. Esperando mensajes...
[2026-08-29 13:35:18] INFO: 📱 Bot: @8531840485
[2026-08-29 13:35:21] INFO: 🚀 Bot iniciado. Esperando mensajes...
[2026-08-29 13:35:21] INFO: 📱 Bot: @8531840485
[2026-08-29 13:35:24] INFO: 🚀 Bot iniciado. Esperando mensajes...
[2026-08-29 13:35:24] INFO: 📱 Bot: @8531840485
[2026-08-29 13:35:27] INFO: 🚀 Bot iniciado. Esperando mensajes...
[2026-08-29 13:35:27] INFO: 📱 Bot: @8531840485
[2026-08-29 13:35:30] INFO: 🚀 Bot iniciado. Esperando mensajes...
[2026-08-29 13:35:30] INFO: 📱 Bot: @8531840485
[2026-08-29 13:35:34] INFO: 🚀 Bot iniciado. Esperando mensajes...
[2026-08-29 13:35:34] INFO: 📱 Bot: @8531840485
[2026-08-29 13:35:37] INFO: 🚀 Bot iniciado. Esperando mensajes...
[2026-08-29 13:35:37] INFO: 📱 Bot: @8531840485
[2026-08-29 13:35:40] INFO: 🚀 Bot iniciado. Esperando mensajes...
[2026-08-29 13:35:40] INFO: 📱 Bot: @8531840485
[2026-08-29 13:35:43] INFO: 🚀 Bot iniciado. Esperando mensajes...
[2026-08-29 13:35:43] INFO: 📱 Bot: @8531840485
[2026-08-29 13:35:46] INFO: 🚀 Bot iniciado. Esperando mensajes...
[2026-08-29 13:35:46] INFO: 📱 Bot: @8531840485
[2026-08-29 13:35:49] INFO: 🚀 Bot iniciado. Esperando mensajes...
[2026-08-29 13:35:49] INFO: 📱 Bot: @8531840485
[2026-08-29 13:35:52] INFO: 🚀 Bot iniciado. Esperando mensajes...
[2026-08-29 13:35:52] INFO: 📱 Bot: @8531840485
[2026-08-29 13:35:55] INFO: 🚀 Bot iniciado. Esperando mensajes...
[2026-08-29 13:35:55] INFO: 📱 Bot: @8531840485
[2026-08-29 13:35:59] INFO: 🚀 Bot iniciado. Esperando mensajes...
[2026-08-29 13:35:59] INFO: 📱 Bot: @8531840485
[2026-08-29 13:36:02] INFO: 🚀 Bot iniciado. Esperando mensajes...
[2026-08-29 13:36:02] INFO: 📱 Bot: @8531840485
[2026-08-29 13:36:05] INFO: 🚀 Bot iniciado. Esperando mensajes...
[2026-08-29 13:36:05] INFO: 📱 Bot: @8531840485
[2026-08-29 13:36:08] INFO: 🚀 Bot iniciado. Esperando mensajes...
[2026-08-29 13:36:08] INFO: 📱 Bot: @8531840485
[2026-08-29 13:36:11] INFO: 🚀 Bot iniciado. Esperando mensajes...
[2026-08-29 13:36:11] INFO: 📱 Bot: @8531840485
[2026-08-29 13:36:14] INFO: 🚀 Bot iniciado. Esperando mensajes...
[2026-08-29 13:36:14] INFO: 📱 Bot: @8531840485
[2026-08-29 13:36:17] INFO: 🚀 Bot iniciado. Esperando mensajes...
[2026-08-29 13:36:17] INFO: 📱 Bot: @8531840485
[2026-08-29 13:36:21] INFO: 🚀 Bot iniciado. Esperando mensajes...
[2026-08-29 13:36:21] INFO: 📱 Bot: @8531840485
[2026-08-29 13:36:24] INFO: 🚀 Bot iniciado. Esperando mensajes...
[2026-08-29 13:36:24] INFO: 📱 Bot: @8531840485
[2026-08-29 13:36:27] INFO: 🚀 Bot iniciado. Esperando mensajes...
[2026-08-29 13:36:27] INFO: 📱 Bot: @8531840485
[2026-08-29 13:36:30] INFO: 🚀 Bot iniciado. Esperando mensajes...
[2026-08-29 13:36:30] INFO: 📱 Bot: @8531840485
[2026-08-29 13:36:33] INFO: 🚀 Bot iniciado. Esperando mensajes...
[2026-08-29 13:36:33] INFO: 📱 Bot: @8531840485
[2026-08-29 13:36:36] INFO: 🚀 Bot iniciado. Esperando mensajes...
[2026-08-29 13:36:36] INFO: 📱 Bot: @8531840485
[2026-08-29 13:36:39] INFO: 🚀 Bot iniciado. Esperando mensajes...
[2026-08-29 13:36:39] INFO: 📱 Bot: @8531840485
[2026-08-29 13:36:42] INFO: 🚀 Bot iniciado. Esperando mensajes...
[2026-08-29 13:36:42] INFO: 📱 Bot: @8531840485
[2026-08-29 13:36:45] INFO: 🚀 Bot iniciado. Esperando mensajes...
[2026-08-29 13:36:45] INFO: 📱 Bot: @8531840485
[2026-08-29 13:36:48] INFO: 🚀 Bot iniciado. Esperando mensajes...
[2026-08-29 13:36:48] INFO: 📱 Bot: @8531840485
[2026-08-29 13:36:52] INFO: 🚀 Bot iniciado. Esperando mensajes...
[2026-08-29 13:36:52] INFO: 📱 Bot: @8531840485
[2026-08-29 13:36:55] INFO: 🚀 Bot iniciado. Esperando mensajes...
[2026-08-29 13:36:55] INFO: 📱 Bot: @8531840485
[2026-08-29 13:36:58] INFO: 🚀 Bot iniciado. Esperando mensajes...
[2026-08-29 13:36:58] INFO: 📱 Bot: @8531840485
[2026-08-29 13:37:01] INFO: 🚀 Bot iniciado. Esperando mensajes...
[2026-08-29 13:37:01] INFO: 📱 Bot: @8531840485
[2026-08-29 13:37:04] INFO: 🚀 Bot iniciado. Esperando mensajes...
[2026-08-29 13:37:04] INFO: 📱 Bot: @8531840485
[2026-08-29 13:37:07] INFO: 🚀 Bot iniciado. Esperando mensajes...
[2026-08-29 13:37:07] INFO: 📱 Bot: @8531840485
[2026-08-29 13:37:10] INFO: 🚀 Bot iniciado. Esperando mensajes...
[2026-08-29 13:37:10] INFO: 📱 Bot: @8531840485
[2026-08-29 13:37:13] INFO: 🚀 Bot iniciado. Esperando mensajes...
[2026-08-29 13:37:13] INFO: 📱 Bot: @8531840485
[2026-08-29 13:37:17] INFO: 🚀 Bot iniciado. Esperando mensajes...
[2026-08-29 13:37:17] INFO: 📱 Bot: @8531840485
[2026-08-29 13:37:20] INFO: 🚀 Bot iniciado. Esperando mensajes...
[2026-08-29 13:37:20] INFO: 📱 Bot: @8531840485
[2026-08-29 13:37:23] INFO: 🚀 Bot iniciado. Esperando mensajes...
[2026-08-29 13:37:23] INFO: 📱 Bot: @8531840485
[2026-08-29 13:37:26] INFO: 🚀 Bot iniciado. Esperando mensajes...
[2026-08-29 13:37:26] INFO: 📱 Bot: @8531840485
[2026-08-29 13:37:29] INFO: 🚀 Bot iniciado. Esperando mensajes...
[2026-08-29 13:37:29] INFO: 📱 Bot: @8531840485
[2026-08-29 13:37:32] INFO: 🚀 Bot iniciado. Esperando mensajes...
[2026-08-29 13:37:32] INFO: 📱 Bot: @8531840485
[2026-08-29 13:37:35] INFO: 🚀 Bot iniciado. Esperando mensajes...
[2026-08-29 13:37:35] INFO: 📱 Bot: @8531840485
[2026-08-29 13:37:39] INFO: 🚀 Bot iniciado. Esperando mensajes...
[2026-08-29 13:37:39] INFO: 📱 Bot: @8531840485
[2026-08-29 13:37:42] INFO: 🚀 Bot iniciado. Esperando mensajes...
[2026-08-29 13:37:42] INFO: 📱 Bot: @8531840485
[2026-08-29 13:37:45] INFO: 🚀 Bot iniciado. Esperando mensajes...
[2026-08-29 13:37:45] INFO: 📱 Bot: @8531840485
[2026-08-29 13:37:48] INFO: 🚀 Bot iniciado. Esperando mensajes...
[2026-08-29 13:37:48] INFO: 📱 Bot: @8531840485
[2026-08-29 13:37:51] INFO: 🚀 Bot iniciado. Esperando mensajes...
[2026-08-29 13:37:51] INFO: 📱 Bot: @8531840485
[2026-08-29 13:37:54] INFO: 🚀 Bot iniciado. Esperando mensajes...
[2026-08-29 13:37:54] INFO: 📱 Bot: @8531840485
[2026-08-29 13:37:57] INFO: 🚀 Bot iniciado. Esperando mensajes...
[2026-08-29 13:37:57] INFO: 📱 Bot: @8531840485
[2026-08-29 13:38:00] INFO: 🚀 Bot iniciado. Esperando mensajes...
[2026-08-29 13:38:00] INFO: 📱 Bot: @8531840485
[2026-08-29 13:38:04] INFO: 🚀 Bot iniciado. Esperando mensajes...
[2026-08-29 13:38:04] INFO: 📱 Bot: @8531840485
[2026-08-29 13:38:07] INFO: 🚀 Bot iniciado. Esperando mensajes...
[2026-08-29 13:38:07] INFO: 📱 Bot: @8531840485
[2026-08-29 13:38:10] INFO: 🚀 Bot iniciado. Esperando mensajes...
[2026-08-29 13:38:10] INFO: 📱 Bot: @8531840485
[2026-08-29 13:38:13] INFO: 🚀 Bot iniciado. Esperando mensajes...
[2026-08-29 13:38:13] INFO: 📱 Bot: @8531840485
[2026-08-29 13:38:16] INFO: 🚀 Bot iniciado. Esperando mensajes...
[2026-08-29 13:38:16] INFO: 📱 Bot: @8531840485
[2026-08-29 13:38:19] INFO: 🚀 Bot iniciado. Esperando mensajes...
[2026-08-29 13:38:19] INFO: 📱 Bot: @8531840485
[2026-08-29 13:38:22] INFO: 🚀 Bot iniciado. Esperando mensajes...
[2026-08-29 13:38:22] INFO: 📱 Bot: @8531840485
[2026-08-29 13:38:25] INFO: 🚀 Bot iniciado. Esperando mensajes...
[2026-08-29 13:38:25] INFO: 📱 Bot: @8531840485
[2026-08-29 13:38:29] INFO: 🚀 Bot iniciado. Esperando mensajes...
[2026-08-29 13:38:29] INFO: 📱 Bot: @8531840485
[2026-08-29 13:38:32] INFO: 🚀 Bot iniciado. Esperando mensajes...
[2026-08-29 13:38:32] INFO: 📱 Bot: @8531840485
[2026-08-29 13:38:35] INFO: 🚀 Bot iniciado. Esperando mensajes...
[2026-08-29 13:38:35] INFO: 📱 Bot: @8531840485
[2026-08-29 13:38:38] INFO: 🚀 Bot iniciado. Esperando mensajes...
[2026-08-29 13:38:38] INFO: 📱 Bot: @8531840485
[2026-08-29 13:38:41] INFO: 🚀 Bot iniciado. Esperando mensajes...
[2026-08-29 13:38:41] INFO: 📱 Bot: @8531840485
[2026-08-29 13:38:44] INFO: 🚀 Bot iniciado. Esperando mensajes...
[2026-08-29 13:38:44] INFO: 📱 Bot: @8531840485
[2026-08-29 13:38:47] INFO: 🚀 Bot iniciado. Esperando mensajes...
[2026-08-29 13:38:47] INFO: 📱 Bot: @8531840485
[2026-08-29 13:38:51] INFO: 🚀 Bot iniciado. Esperando mensajes...
[2026-08-29 13:38:51] INFO: 📱 Bot: @8531840485
[2026-08-29 13:38:54] INFO: 🚀 Bot iniciado. Esperando mensajes...
[2026-08-29 13:38:54] INFO: 📱 Bot: @8531840485
[2026-08-29 13:38:57] INFO: 🚀 Bot iniciado. Esperando mensajes...
[2026-08-29 13:38:57] INFO: 📱 Bot: @8531840485
[2026-08-29 13:39:00] INFO: 🚀 Bot iniciado. Esperando mensajes...
[2026-08-29 13:39:00] INFO: 📱 Bot: @8531840485
[2026-08-29 13:39:03] INFO: 🚀 Bot iniciado. Esperando mensajes...
[2026-08-29 13:39:03] INFO: 📱 Bot: @8531840485
[2026-08-29 13:39:06] INFO: 🚀 Bot iniciado. Esperando mensajes...
[2026-08-29 13:39:06] INFO: 📱 Bot: @8531840485
[2026-08-29 13:39:09] INFO: 🚀 Bot iniciado. Esperando mensajes...
[2026-08-29 13:39:09] INFO: 📱 Bot: @8531840485
[2026-08-29 13:39:12] INFO: 🚀 Bot iniciado. Esperando mensajes...
[2026-08-29 13:39:12] INFO: 📱 Bot: @8531840485
[2026-08-29 13:39:16] INFO: 🚀 Bot iniciado. Esperando mensajes...
[2026-08-29 13:39:16] INFO: 📱 Bot: @8531840485
[2026-08-29 13:39:19] INFO: 🚀 Bot iniciado. Esperando mensajes...
[2026-08-29 13:39:19] INFO: 📱 Bot: @8531840485
[2026-08-29 13:39:22] INFO: 🚀 Bot iniciado. Esperando mensajes...
[2026-08-29 13:39:22] INFO: 📱 Bot: @8531840485
[2026-08-29 13:39:25] INFO: 🚀 Bot iniciado. Esperando mensajes...
[2026-08-29 13:39:25] INFO: 📱 Bot: @8531840485
[2026-08-29 13:39:28] INFO: 🚀 Bot iniciado. Esperando mensajes...
[2026-08-29 13:39:28] INFO: 📱 Bot: @8531840485
[2026-08-29 13:39:31] INFO: 🚀 Bot iniciado. Esperando mensajes...
[2026-08-29 13:39:31] INFO: 📱 Bot: @8531840485
[2026-08-29 13:39:34] INFO: 🚀 Bot iniciado. Esperando mensajes...
[2026-08-29 13:39:34] INFO: 📱 Bot: @8531840485
[2026-08-29 13:39:37] INFO: 🚀 Bot iniciado. Esperando mensajes...
[2026-08-29 13:39:37] INFO: 📱 Bot: @8531840485
[2026-08-29 13:39:41] INFO: 🚀 Bot iniciado. Esperando mensajes...
[2026-08-29 13:39:41] INFO: 📱 Bot: @8531840485
[2026-08-29 13:39:45] INFO: 🚀 Bot iniciado. Esperando mensajes...
[2026-08-29 13:39:45] INFO: 📱 Bot: @8531840485
[2026-08-29 13:39:48] INFO: 🚀 Bot iniciado. Esperando mensajes...
[2026-08-29 13:39:48] INFO: 📱 Bot: @8531840485
[2026-08-29 13:39:51] INFO: 🚀 Bot iniciado. Esperando mensajes...
[2026-08-29 13:39:51] INFO: 📱 Bot: @8531840485
[2026-08-29 13:39:54] INFO: 🚀 Bot iniciado. Esperando mensajes...
[2026-08-29 13:39:54] INFO: 📱 Bot: @8531840485
[2026-08-29 13:39:57] INFO: 🚀 Bot iniciado. Esperando mensajes...
[2026-08-29 13:39:57] INFO: 📱 Bot: @8531840485
[2026-08-29 13:40:00] INFO: 🚀 Bot iniciado. Esperando mensajes...
[2026-08-29 13:40:00] INFO: 📱 Bot: @8531840485
[2026-08-29 13:40:04] INFO: 🚀 Bot iniciado. Esperando mensajes...
[2026-08-29 13:40:04] INFO: 📱 Bot: @8531840485
[2026-08-29 13:40:07] INFO: 🚀 Bot iniciado. Esperando mensajes...
[2026-08-29 13:40:07] INFO: 📱 Bot: @8531840485
[2026-08-29 13:40:10] INFO: 🚀 Bot iniciado. Esperando mensajes...
[2026-08-29 13:40:10] INFO: 📱 Bot: @8531840485
[2026-08-29 13:40:13] INFO: 🚀 Bot iniciado. Esperando mensajes...
[2026-08-29 13:40:13] INFO: 📱 Bot: @8531840485
[2026-08-29 13:40:16] INFO: 🚀 Bot iniciado. Esperando mensajes...
[2026-08-29 13:40:16] INFO: 📱 Bot: @8531840485
[2026-08-29 13:40:19] INFO: 🚀 Bot iniciado. Esperando mensajes...
[2026-08-29 13:40:19] INFO: 📱 Bot: @8531840485
[2026-08-29 13:40:22] INFO: 🚀 Bot iniciado. Esperando mensajes...
[2026-08-29 13:40:22] INFO: 📱 Bot: @8531840485
[2026-08-29 13:40:25] INFO: 🚀 Bot iniciado. Esperando mensajes...
[2026-08-29 13:40:25] INFO: 📱 Bot: @8531840485
[2026-08-29 13:40:28] INFO: 🚀 Bot iniciado. Esperando mensajes...
[2026-08-29 13:40:28] INFO: 📱 Bot: @8531840485
[2026-08-29 13:40:31] INFO: 🚀 Bot iniciado. Esperando mensajes...
[2026-08-29 13:40:31] INFO: 📱 Bot: @8531840485
[2026-08-29 13:40:35] INFO: 🚀 Bot iniciado. Esperando mensajes...
[2026-08-29 13:40:35] INFO: 📱 Bot: @8531840485
[2026-08-29 13:40:38] INFO: 🚀 Bot iniciado. Esperando mensajes...
[2026-08-29 13:40:38] INFO: 📱 Bot: @8531840485
[2026-08-29 13:40:41] INFO: 🚀 Bot iniciado. Esperando mensajes...
[2026-08-29 13:40:41] INFO: 📱 Bot: @8531840485
[2026-08-29 13:40:44] INFO: 🚀 Bot iniciado. Esperando mensajes...
[2026-08-29 13:40:44] INFO: 📱 Bot: @8531840485
[2026-08-29 13:40:47] INFO: 🚀 Bot iniciado. Esperando mensajes...
[2026-08-29 13:40:47] INFO: 📱 Bot: @8531840485
[2026-08-29 13:40:50] INFO: 🚀 Bot iniciado. Esperando mensajes...
[2026-08-29 13:40:50] INFO: 📱 Bot: @8531840485
[2026-08-29 13:40:53] INFO: 🚀 Bot iniciado. Esperando mensajes...
[2026-08-29 13:40:53] INFO: 📱 Bot: @8531840485
[2026-08-29 13:40:56] INFO: 🚀 Bot iniciado. Esperando mensajes...
[2026-08-29 13:40:56] INFO: 📱 Bot: @8531840485
[2026-08-29 13:40:59] INFO: 🚀 Bot iniciado. Esperando mensajes...
[2026-08-29 13:40:59] INFO: 📱 Bot: @8531840485
[2026-08-29 13:41:03] INFO: 🚀 Bot iniciado. Esperando mensajes...
[2026-08-29 13:41:03] INFO: 📱 Bot: @8531840485
[2026-08-29 13:41:06] INFO: 🚀 Bot iniciado. Esperando mensajes...
[2026-08-29 13:41:06] INFO: 📱 Bot: @8531840485
[2026-08-29 13:41:09] INFO: 🚀 Bot iniciado. Esperando mensajes...
[2026-08-29 13:41:09] INFO: 📱 Bot: @8531840485
[2026-08-29 13:41:12] INFO: 🚀 Bot iniciado. Esperando mensajes...
[2026-08-29 13:41:12] INFO: 📱 Bot: @8531840485
[2026-08-29 13:41:15] INFO: 🚀 Bot iniciado. Esperando mensajes...
[2026-08-29 13:41:15] INFO: 📱 Bot: @8531840485
[2026-08-29 13:41:18] INFO: 🚀 Bot iniciado. Esperando mensajes...
[2026-08-29 13:41:18] INFO: 📱 Bot: @8531840485
[2026-08-29 13:41:21] INFO: 🚀 Bot iniciado. Esperando mensajes...
[2026-08-29 13:41:21] INFO: 📱 Bot: @8531840485
[2026-08-29 13:41:24] INFO: 🚀 Bot iniciado. Esperando mensajes...
[2026-08-29 13:41:24] INFO: 📱 Bot: @8531840485
[2026-08-29 13:41:28] INFO: 🚀 Bot iniciado. Esperando mensajes...
[2026-08-29 13:41:28] INFO: 📱 Bot: @8531840485
[2026-08-29 13:41:31] INFO: 🚀 Bot iniciado. Esperando mensajes...
[2026-08-29 13:41:31] INFO: 📱 Bot: @8531840485
[2026-08-29 13:41:34] INFO: 🚀 Bot iniciado. Esperando mensajes...
[2026-08-29 13:41:34] INFO: 📱 Bot: @8531840485
[2026-08-29 13:41:37] INFO: 🚀 Bot iniciado. Esperando mensajes...
[2026-08-29 13:41:37] INFO: 📱 Bot: @8531840485
[2026-08-29 13:41:40] INFO: 🚀 Bot iniciado. Esperando mensajes...
[2026-08-29 13:41:40] INFO: 📱 Bot: @8531840485
[2026-08-29 13:41:43] INFO: 🚀 Bot iniciado. Esperando mensajes...
[2026-08-29 13:41:43] INFO: 📱 Bot: @8531840485
[2026-08-29 13:41:46] INFO: 🚀 Bot iniciado. Esperando mensajes...
[2026-08-29 13:41:46] INFO: 📱 Bot: @8531840485
[2026-08-29 13:41:50] INFO: 🚀 Bot iniciado. Esperando mensajes...
[2026-08-29 13:41:50] INFO: 📱 Bot: @8531840485
[2026-08-29 13:41:53] INFO: 🚀 Bot iniciado. Esperando mensajes...
[2026-08-29 13:41:53] INFO: 📱 Bot: @8531840485
[2026-08-29 13:41:56] INFO: 🚀 Bot iniciado. Esperando mensajes...
[2026-08-29 13:41:56] INFO: 📱 Bot: @8531840485
[2026-08-29 13:41:59] INFO: 🚀 Bot iniciado. Esperando mensajes...
[2026-08-29 13:41:59] INFO: 📱 Bot: @8531840485
[2026-08-29 13:42:02] INFO: 🚀 Bot iniciado. Esperando mensajes...
[2026-08-29 13:42:02] INFO: 📱 Bot: @8531840485
[2026-08-29 13:42:05] INFO: 🚀 Bot iniciado. Esperando mensajes...
[2026-08-29 13:42:05] INFO: 📱 Bot: @8531840485
[2026-08-29 13:42:08] INFO: 🚀 Bot iniciado. Esperando mensajes...
[2026-08-29 13:42:08] INFO: 📱 Bot: @8531840485
[2026-08-29 13:42:11] INFO: 🚀 Bot iniciado. Esperando mensajes...
[2026-08-29 13:42:11] INFO: 📱 Bot: @8531840485
[2026-08-29 13:42:14] INFO: 🚀 Bot iniciado. Esperando mensajes...
[2026-08-29 13:42:14] INFO: 📱 Bot: @8531840485
[2026-08-29 13:42:18] INFO: 🚀 Bot iniciado. Esperando mensajes...
[2026-08-29 13:42:18] INFO: 📱 Bot: @8531840485
[2026-08-29 13:42:21] INFO: 🤖 Bot de Wallet iniciado correctamente
[2026-08-29 13:42:21] INFO: 🚀 Bot iniciado. Esperando mensajes...
[2026-08-29 13:42:21] INFO: 📱 Bot: @8531840485
[2026-08-29 13:42:22] ERROR: Error en handleList: API (404): {"message":"no Route matched with those values"} {"stack":"Error: API (404): {\"message\":\"no Route matched with those values\"}\n    at WalletAPI.request (C:\\Users\\zevet\\OneDrive\\Desktop\\Web\\BalanceSheet\\telegram-wallet-bot\\wallet-api.js:40:23)\n    at process.processTicksAndRejections (node:internal/process/task_queues:105:5)\n    at async WalletAPI.getTransactions (C:\\Users\\zevet\\OneDrive\\Desktop\\Web\\BalanceSheet\\telegram-wallet-bot\\wallet-api.js:271:22)\n    at async WalletBot.handleList (C:\\Users\\zevet\\OneDrive\\Desktop\\Web\\BalanceSheet\\telegram-wallet-bot\\bot.js:355:34)"}
[2026-08-29 13:42:22] ERROR: Error en handleAccounts: API (404): {"message":"no Route matched with those values"} {"stack":"Error: API (404): {\"message\":\"no Route matched with those values\"}\n    at WalletAPI.request (C:\\Users\\zevet\\OneDrive\\Desktop\\Web\\BalanceSheet\\telegram-wallet-bot\\wallet-api.js:40:23)\n    at process.processTicksAndRejections (node:internal/process/task_queues:105:5)\n    at async WalletAPI.getAccounts (C:\\Users\\zevet\\OneDrive\\Desktop\\Web\\BalanceSheet\\telegram-wallet-bot\\wallet-api.js:110:26)\n    at async WalletBot.handleAccounts (C:\\Users\\zevet\\OneDrive\\Desktop\\Web\\BalanceSheet\\telegram-wallet-bot\\bot.js:427:30)"}
[2026-08-29 13:42:22] ERROR: Error en handleCategories: API (404): {"message":"no Route matched with those values"} {"stack":"Error: API (404): {\"message\":\"no Route matched with those values\"}\n    at WalletAPI.request (C:\\Users\\zevet\\OneDrive\\Desktop\\Web\\BalanceSheet\\telegram-wallet-bot\\wallet-api.js:40:23)\n    at process.processTicksAndRejections (node:internal/process/task_queues:105:5)\n    at async WalletAPI.getCategories (C:\\Users\\zevet\\OneDrive\\Desktop\\Web\\BalanceSheet\\telegram-wallet-bot\\wallet-api.js:186:26)\n    at async WalletBot.handleCategories (C:\\Users\\zevet\\OneDrive\\Desktop\\Web\\BalanceSheet\\telegram-wallet-bot\\bot.js:460:32)"}
[2026-08-29 13:42:22] ERROR: Error en handleSearch: API (404): {"message":"no Route matched with those values"} {"stack":"Error: API (404): {\"message\":\"no Route matched with those values\"}\n    at WalletAPI.request (C:\\Users\\zevet\\OneDrive\\Desktop\\Web\\BalanceSheet\\telegram-wallet-bot\\wallet-api.js:40:23)\n    at process.processTicksAndRejections (node:internal/process/task_queues:105:5)\n    at async WalletAPI.getCategories (C:\\Users\\zevet\\OneDrive\\Desktop\\Web\\BalanceSheet\\telegram-wallet-bot\\wallet-api.js:186:26)\n    at async WalletBot.handleSearch (C:\\Users\\zevet\\OneDrive\\Desktop\\Web\\BalanceSheet\\telegram-wallet-bot\\bot.js:105:32)"}
[2026-08-29 13:42:22] ERROR: Error en handleSearch: API (404): {"message":"no Route matched with those values"} {"stack":"Error: API (404): {\"message\":\"no Route matched with those values\"}\n    at WalletAPI.request (C:\\Users\\zevet\\OneDrive\\Desktop\\Web\\BalanceSheet\\telegram-wallet-bot\\wallet-api.js:40:23)\n    at process.processTicksAndRejections (node:internal/process/task_queues:105:5)\n    at async WalletAPI.getCategories (C:\\Users\\zevet\\OneDrive\\Desktop\\Web\\BalanceSheet\\telegram-wallet-bot\\wallet-api.js:186:26)\n    at async WalletBot.handleSearch (C:\\Users\\zevet\\OneDrive\\Desktop\\Web\\BalanceSheet\\telegram-wallet-bot\\bot.js:105:32)"}
[2026-08-29 13:42:22] ERROR: Error en handleSearch: API (404): {"message":"no Route matched with those values"} {"stack":"Error: API (404): {\"message\":\"no Route matched with those values\"}\n    at WalletAPI.request (C:\\Users\\zevet\\OneDrive\\Desktop\\Web\\BalanceSheet\\telegram-wallet-bot\\wallet-api.js:40:23)\n    at process.processTicksAndRejections (node:internal/process/task_queues:105:5)\n    at async WalletAPI.getCategories (C:\\Users\\zevet\\OneDrive\\Desktop\\Web\\BalanceSheet\\telegram-wallet-bot\\wallet-api.js:186:26)\n    at async WalletBot.handleSearch (C:\\Users\\zevet\\OneDrive\\Desktop\\Web\\BalanceSheet\\telegram-wallet-bot\\bot.js:105:32)"}
[2026-08-29 13:43:00] ERROR: Error en handleSearch: API (404): {"message":"no Route matched with those values"} {"stack":"Error: API (404): {\"message\":\"no Route matched with those values\"}\n    at WalletAPI.request (C:\\Users\\zevet\\OneDrive\\Desktop\\Web\\BalanceSheet\\telegram-wallet-bot\\wallet-api.js:40:23)\n    at process.processTicksAndRejections (node:internal/process/task_queues:105:5)\n    at async WalletAPI.getCategories (C:\\Users\\zevet\\OneDrive\\Desktop\\Web\\BalanceSheet\\telegram-wallet-bot\\wallet-api.js:186:26)\n    at async WalletBot.handleSearch (C:\\Users\\zevet\\OneDrive\\Desktop\\Web\\BalanceSheet\\telegram-wallet-bot\\bot.js:105:32)"}
[2026-08-29 13:44:34] INFO: 🤖 Bot de Wallet iniciado correctamente
[2026-08-29 13:44:34] INFO: 🚀 Bot iniciado. Esperando mensajes...
[2026-08-29 13:44:34] INFO: 📱 Bot: @8531840485
[2026-08-29 13:44:50] ERROR: Error en handleSearch: API (404): {"message":"no Route matched with those values"} {"stack":"Error: API (404): {\"message\":\"no Route matched with those values\"}\n    at WalletAPI.request (C:\\Users\\zevet\\OneDrive\\Desktop\\Web\\BalanceSheet\\telegram-wallet-bot\\wallet-api.js:40:23)\n    at process.processTicksAndRejections (node:internal/process/task_queues:105:5)\n    at async WalletAPI.getCategories (C:\\Users\\zevet\\OneDrive\\Desktop\\Web\\BalanceSheet\\telegram-wallet-bot\\wallet-api.js:186:26)\n    at async WalletBot.handleSearch (C:\\Users\\zevet\\OneDrive\\Desktop\\Web\\BalanceSheet\\telegram-wallet-bot\\bot.js:105:32)"}
[2026-08-29 14:00:53] INFO: 🤖 Bot de Wallet iniciado correctamente
[2026-08-29 14:00:53] INFO: 🚀 Bot iniciado. Esperando mensajes...
[2026-08-29 14:00:53] INFO: 📱 Bot: @8531840485
[2026-08-29 14:25:51] INFO: 🤖 Bot de Wallet iniciado correctamente
[2026-08-29 14:25:51] INFO: 🚀 Bot iniciado. Esperando mensajes...
[2026-08-29 14:25:51] INFO: 📱 Bot: @8531840485
[2026-08-29 14:29:04] ERROR: Error en handleAdd: API (400): {"error":"Invalid JSON: json: unknown field \"labels\""} {"stack":"Error: API (400): {\"error\":\"Invalid JSON: json: unknown field \\\"labels\\\"\"}\n    at WalletAPI.request (C:\\Users\\zevet\\OneDrive\\Desktop\\Web\\BalanceSheet\\telegram-wallet-bot\\wallet-api.js:41:23)\n    at process.processTicksAndRejections (node:internal/process/task_queues:105:5)\n    at async WalletAPI.createTransactionSimple (C:\\Users\\zevet\\OneDrive\\Desktop\\Web\\BalanceSheet\\telegram-wallet-bot\\wallet-api.js:335:24)\n    at async WalletBot.processSingleTransaction (C:\\Users\\zevet\\OneDrive\\Desktop\\Web\\BalanceSheet\\telegram-wallet-bot\\bot.js:412:24)\n    at async WalletBot.handleAdd (C:\\Users\\zevet\\OneDrive\\Desktop\\Web\\BalanceSheet\\telegram-wallet-bot\\bot.js:230:17)"}
[2026-08-29 14:31:41] INFO: 🤖 Bot de Wallet iniciado correctamente
[2026-08-29 14:31:41] INFO: 🚀 Bot iniciado. Esperando mensajes...
[2026-08-29 14:31:41] INFO: 📱 Bot: @8531840485
[2026-08-29 14:36:02] INFO: 🤖 Bot de Wallet iniciado correctamente
[2026-08-29 14:36:02] INFO: 🚀 Bot iniciado. Esperando mensajes...
[2026-08-29 14:36:02] INFO: 📱 Bot: @8531840485
[2026-08-29 14:41:07] INFO: 🤖 Bot de Wallet iniciado correctamente
[2026-08-29 14:41:07] INFO: 🚀 Bot iniciado. Esperando mensajes...
[2026-08-29 14:41:07] INFO: 📱 Bot: @8531840485
[2026-08-29 14:46:50] INFO: 🤖 Bot de Wallet iniciado correctamente
[2026-08-29 14:46:50] INFO: 🚀 Bot iniciado. Esperando mensajes...
[2026-08-29 14:46:50] INFO: 📱 Bot: @8531840485
